충전시작,회원번호,비회원번호,이용자이름
2021-10-15 08:26:32,f1e42019aecc858ffbcca7fddec511b761b474916fde37b1a6ff321a9b459330,3d6c0481ce90bb4ea40051c232c0a7de40658441dc77e90c4db083bcd6df554b,비회*
2021-10-15 06:28:01,76632f1de0fca10f5f07f9c20e40233ecf8443fb3c9818e164ee0ccdd6abc023,4a44dc15364204a80fe80e9039455cc1608281820fe2b24f1e5233ade6af1dd5,신현* 
2021-10-14 20:41:36,98080a92329afcbb645cf503c4e803805ee3f42f614cdbeac9841edc2043f244,4a44dc15364204a80fe80e9039455cc1608281820fe2b24f1e5233ade6af1dd5,노원*
2021-10-14 18:56:12,f1e42019aecc858ffbcca7fddec511b761b474916fde37b1a6ff321a9b459330,bcd38924d682a83aaa670bc836ba8dd4f0d8e563bbac552264b85879f91f6ca6,비회*
2021-10-15 06:27:40,76632f1de0fca10f5f07f9c20e40233ecf8443fb3c9818e164ee0ccdd6abc023,4a44dc15364204a80fe80e9039455cc1608281820fe2b24f1e5233ade6af1dd5,신현* 
2021-10-14 12:04:01,a29f66499df540da97135353b26828c7758619e6d5c68b6a923d3611a5d67471,4a44dc15364204a80fe80e9039455cc1608281820fe2b24f1e5233ade6af1dd5,위용*
2021-10-14 17:01:37,f1e42019aecc858ffbcca7fddec511b761b474916fde37b1a6ff321a9b459330,96cd4d6d725a12d92f2931c302040ce5a7f46772e453e6e00fa41188e9f20849,비회*
2021-10-14 10:36:05,f1e42019aecc858ffbcca7fddec511b761b474916fde37b1a6ff321a9b459330,3d0af2c4e5d3515b267179bb0c65e81f0900d3ba85cd609cedfcaf4c915ab9b7,비회*
2021-10-14 12:01:39,a29f66499df540da97135353b26828c7758619e6d5c68b6a923d3611a5d67471,4a44dc15364204a80fe80e9039455cc1608281820fe2b24f1e5233ade6af1dd5,위용*
2021-10-14 08:22:12,f1e42019aecc858ffbcca7fddec511b761b474916fde37b1a6ff321a9b459330,0d75b73ee600be77cedf3c25e3ba67bc920f0d3df42063b40df9110702f9e9a8,비회*
2021-10-13 19:30:32,4d3028213774ecaf476a12fa1f01b4a1faa16b56bbe1c7c493cefdea4fcb7bb5,4a44dc15364204a80fe80e9039455cc1608281820fe2b24f1e5233ade6af1dd5,이효*
2021-10-13 16:30:44,f1e42019aecc858ffbcca7fddec511b761b474916fde37b1a6ff321a9b459330,b3c81461510ce6290c07d6b797e5ef4d7a8b255d1124dfd15245d2edda44e104,비회*
2021-10-13 13:40:05,f1e42019aecc858ffbcca7fddec511b761b474916fde37b1a6ff321a9b459330,d1b0eed1a2063085dc0f9fbd0da3264b52674c1ffb2876dd8c672153216289ae,비회*
2021-10-13 07:51:57,f1e42019aecc858ffbcca7fddec511b761b474916fde37b1a6ff321a9b459330,f2b36905b60c617062124fa5429cebf4553dab549b6ec0dc0f405eaf8f22289a,비회*
2021-10-13 11:10:17,f1e42019aecc858ffbcca7fddec511b761b474916fde37b1a6ff321a9b459330,cf96a7356f0815df4b5402491a75cb81904fef7bf452253ac4c4b8d414f31a55,비회*
2021-10-12 19:36:41,98080a92329afcbb645cf503c4e803805ee3f42f614cdbeac9841edc2043f244,4a44dc15364204a80fe80e9039455cc1608281820fe2b24f1e5233ade6af1dd5,노원*
2021-10-12 17:10:03,f1e42019aecc858ffbcca7fddec511b761b474916fde37b1a6ff321a9b459330,6fdfb4143bb836f1fa263b657cb44a59099be4019c00536b8758cd222cc13278,비회*
2021-10-12 15:16:29,f1e42019aecc858ffbcca7fddec511b761b474916fde37b1a6ff321a9b459330,50ddf505c4077db1ff762920a313ef6723e02d092de75780ddf056d99c936efd,비회*
2021-10-12 13:47:11,f1e42019aecc858ffbcca7fddec511b761b474916fde37b1a6ff321a9b459330,f96feef151b3619c8a7a603c119ff6503ef1eb2d5ee5820204592fdef31e9470,비회*
2021-10-12 10:03:13,f1e42019aecc858ffbcca7fddec511b761b474916fde37b1a6ff321a9b459330,b37e264e4fcd0bc66e2ddef88fc9ed2fd1ef6861f0b991598f513157223c9e1e,비회*
2021-10-12 10:29:16,f1e42019aecc858ffbcca7fddec511b761b474916fde37b1a6ff321a9b459330,ba01d9499db3a72d24c802ca9cc56bc78638523fbd23c54df0b3f88a3896a229,비회*
2021-10-12 07:32:37,f1e42019aecc858ffbcca7fddec511b761b474916fde37b1a6ff321a9b459330,925e700602340cf74f0ce8fc40fbf9af8d9278a4e8fdd63e302d883eb0336e3d,비회*
2021-10-11 09:02:48,4d3028213774ecaf476a12fa1f01b4a1faa16b56bbe1c7c493cefdea4fcb7bb5,4a44dc15364204a80fe80e9039455cc1608281820fe2b24f1e5233ade6af1dd5,이효*
2021-10-08 20:19:47,8d5cbde6100e7c37ec3cf47d11518df271e4101d36ed55480fb8ab3b793558f2,4a44dc15364204a80fe80e9039455cc1608281820fe2b24f1e5233ade6af1dd5,이재*
2021-10-08 18:58:21,f1e42019aecc858ffbcca7fddec511b761b474916fde37b1a6ff321a9b459330,bfbb6782db401ef4b973272380a8cf208c44205250aaab9248026bfe8ff0e9a0,비회*
2021-10-08 15:27:42,f1e42019aecc858ffbcca7fddec511b761b474916fde37b1a6ff321a9b459330,d20dd238016971f25e0d0bd5104de735059dc02e3ee1e2c6a91f87ab9961e96a,비회*
2021-10-08 13:09:27,f1e42019aecc858ffbcca7fddec511b761b474916fde37b1a6ff321a9b459330,fae825f811f1177dc440796223d161ccee0aecc62279ef1acf11e19f3a8d7054,비회*
2021-10-08 13:02:56,f1e42019aecc858ffbcca7fddec511b761b474916fde37b1a6ff321a9b459330,a70800d18f03579b31e13b99d2375edf49babcacd86cd36a7fa75d6ccbe236e1,비회*
2021-10-08 09:43:57,f1e42019aecc858ffbcca7fddec511b761b474916fde37b1a6ff321a9b459330,01f532ca71f5ad54e0414bc2e328f70431e538336853eaa4fbc9fb0068e05dba,비회*
2021-10-07 16:48:05,f1e42019aecc858ffbcca7fddec511b761b474916fde37b1a6ff321a9b459330,7a474c15338f8f1794f514e8a75f3507076e000d90ca38a74c2db386c26759f5,비회*
2021-10-07 15:08:52,f1e42019aecc858ffbcca7fddec511b761b474916fde37b1a6ff321a9b459330,3ed40782e59554ced1a448ebb934d915e9d8af69d4adb920796db5668e3dc3a9,비회*
2021-10-07 19:48:33,f9d8ab269cf7b37d5700337a3f84397e3f0c5145c8411e0eac73fecd9c36eebe,4a44dc15364204a80fe80e9039455cc1608281820fe2b24f1e5233ade6af1dd5,허윤*
2021-10-07 11:35:46,8d5cbde6100e7c37ec3cf47d11518df271e4101d36ed55480fb8ab3b793558f2,4a44dc15364204a80fe80e9039455cc1608281820fe2b24f1e5233ade6af1dd5,이재*
2021-10-07 12:40:00,76632f1de0fca10f5f07f9c20e40233ecf8443fb3c9818e164ee0ccdd6abc023,4a44dc15364204a80fe80e9039455cc1608281820fe2b24f1e5233ade6af1dd5,신현* 
2021-10-07 08:00:35,6699232090a0a9bf1cddbf83d1f72ee224a84c2c314847b0b2aacf2e416f1cbd,4a44dc15364204a80fe80e9039455cc1608281820fe2b24f1e5233ade6af1dd5,하연*
2021-10-06 14:55:04,6be21e03ad77fade6101b53642500c706e8891bfc101befafe21048ed4853db3,4a44dc15364204a80fe80e9039455cc1608281820fe2b24f1e5233ade6af1dd5,김민*
2021-10-06 16:48:04,f1e42019aecc858ffbcca7fddec511b761b474916fde37b1a6ff321a9b459330,f65d8b491d594c11d40e6bb91231da77de02dba6654fcfb63a59ebaf1b651b7c,비회*
2021-10-06 14:43:15,f1e42019aecc858ffbcca7fddec511b761b474916fde37b1a6ff321a9b459330,f5b104369318aa8a460bb3f79bfa411869d68c340182f86bf411e7b0e5118c29,비회*
2021-10-06 11:36:02,98080a92329afcbb645cf503c4e803805ee3f42f614cdbeac9841edc2043f244,4a44dc15364204a80fe80e9039455cc1608281820fe2b24f1e5233ade6af1dd5,노원*
2021-10-06 09:41:24,f1e42019aecc858ffbcca7fddec511b761b474916fde37b1a6ff321a9b459330,b672c1ed9c16a12cd3294b6721113fdff3f68780373a9eec82bff1cb945a6e84,비회*
2021-10-06 13:41:53,f9d8ab269cf7b37d5700337a3f84397e3f0c5145c8411e0eac73fecd9c36eebe,4a44dc15364204a80fe80e9039455cc1608281820fe2b24f1e5233ade6af1dd5,허윤*
2021-10-06 08:36:43,4d3028213774ecaf476a12fa1f01b4a1faa16b56bbe1c7c493cefdea4fcb7bb5,4a44dc15364204a80fe80e9039455cc1608281820fe2b24f1e5233ade6af1dd5,이효*
2021-10-06 08:35:37,4d3028213774ecaf476a12fa1f01b4a1faa16b56bbe1c7c493cefdea4fcb7bb5,4a44dc15364204a80fe80e9039455cc1608281820fe2b24f1e5233ade6af1dd5,이효*
2021-10-05 20:50:17,f1e42019aecc858ffbcca7fddec511b761b474916fde37b1a6ff321a9b459330,310b5a317e33492e24bb9140e0e5612e75f59a2ed89e5415a5953e7439189219,비회*
2021-10-05 20:02:52,f1e42019aecc858ffbcca7fddec511b761b474916fde37b1a6ff321a9b459330,e39ec3b6b9326e5d2b97c63c6a779d477158cb90db059eff1a15a81c84012182,비회*
2021-10-05 18:12:10,f1e42019aecc858ffbcca7fddec511b761b474916fde37b1a6ff321a9b459330,6ab1d1a312b3d52e0ac20655d7dc33ef1418f81ec996d8fcccb894463b4cdc43,비회*
2021-10-05 16:55:47,f1e42019aecc858ffbcca7fddec511b761b474916fde37b1a6ff321a9b459330,2671f573a5579e4b524023e626975d548883bd94718f8664ee0664e5100c75d9,비회*
2021-10-05 15:38:32,f1e42019aecc858ffbcca7fddec511b761b474916fde37b1a6ff321a9b459330,d286033227ffebb5454c5a68bc0c5b1e4c61ec9273a279364b25a535b1fafe08,비회*
2021-10-05 07:46:15,f1e42019aecc858ffbcca7fddec511b761b474916fde37b1a6ff321a9b459330,a85af03f5ad24808bf991e01a4286618b6e8e1cb6e0ba69d4b720d84331fff19,비회*
2021-10-05 06:36:35,f1e42019aecc858ffbcca7fddec511b761b474916fde37b1a6ff321a9b459330,9ff9ebf806e0247cacc1d3acb60b99b3848d1fe0909502440bca13f593570858,비회*
2021-10-04 10:54:53,f1e42019aecc858ffbcca7fddec511b761b474916fde37b1a6ff321a9b459330,8cb2adcd58426e8952a2efb6feb3404a934ffb457aad9636942f69c94c134f23,비회*
2021-10-02 10:46:35,f1e42019aecc858ffbcca7fddec511b761b474916fde37b1a6ff321a9b459330,9ef272b0f40bfce7f5891e040b8a48f5406a2e09f4453f3efd20bda48639e1b3,비회*
2021-10-02 06:26:23,76632f1de0fca10f5f07f9c20e40233ecf8443fb3c9818e164ee0ccdd6abc023,4a44dc15364204a80fe80e9039455cc1608281820fe2b24f1e5233ade6af1dd5,신현* 
2021-10-02 06:25:57,76632f1de0fca10f5f07f9c20e40233ecf8443fb3c9818e164ee0ccdd6abc023,4a44dc15364204a80fe80e9039455cc1608281820fe2b24f1e5233ade6af1dd5,신현* 
2021-10-02 13:32:47,0f75ac9705b0d7847df96d1dc5d744dec4d752e045afb79c78b2902b789d6adc,4a44dc15364204a80fe80e9039455cc1608281820fe2b24f1e5233ade6af1dd5,충전*****
2021-10-01 22:20:58,f1e42019aecc858ffbcca7fddec511b761b474916fde37b1a6ff321a9b459330,6fddbe60b8713a6eaea3d739523151737670e642e0db855d69c1f4deb9d16253,비회*
2021-10-01 17:00:07,f1e42019aecc858ffbcca7fddec511b761b474916fde37b1a6ff321a9b459330,48d08a52a1d668d524f9976f02a6f636be1b9cdf1a23fbd30aa140dc565e5f03,비회*
2021-10-01 14:38:56,f1e42019aecc858ffbcca7fddec511b761b474916fde37b1a6ff321a9b459330,c935d991a0f2761effde0e431d5899579281f45ba2567f2bb40b72db708a2ee9,비회*
2021-10-01 09:14:45,f1e42019aecc858ffbcca7fddec511b761b474916fde37b1a6ff321a9b459330,ecb47bc460fb7227cd49addbfd8b6529b2fab180cc31981df476fe42f107dbec,비회*
2021-10-01 07:30:05,f1e42019aecc858ffbcca7fddec511b761b474916fde37b1a6ff321a9b459330,bf0aae926f744b22fe5576771d98f2bb782ee0525aea1248e6e2b14c8fef3cea,비회*
2021-09-30 13:34:38,f1e42019aecc858ffbcca7fddec511b761b474916fde37b1a6ff321a9b459330,bc236fc84e5d8fa72ba061c1767311161dff19859a35c72d180d6de95218a58a,비회*
2021-09-30 11:39:54,f1e42019aecc858ffbcca7fddec511b761b474916fde37b1a6ff321a9b459330,713c70b21de6e1f14a447e988bd1fda0fb8b155131f83249b61fc71fb25215bd,비회*
2021-09-30 10:24:58,f1e42019aecc858ffbcca7fddec511b761b474916fde37b1a6ff321a9b459330,2d34cf6fc4fb0967637b667db7b0bd342cc68f97eda7d272935f79d4585ddf07,비회*
2021-09-30 00:23:01,f1e42019aecc858ffbcca7fddec511b761b474916fde37b1a6ff321a9b459330,725707ba0aafc490f156db97796b87334fd6bbe0a7ceebc59b0c9d59acdd92b2,비회*
2021-09-30 08:20:29,f1e42019aecc858ffbcca7fddec511b761b474916fde37b1a6ff321a9b459330,ad437e553856681e7248bbdd7e9f099aeb12b4a04298076b07b891c0c5fca46d,비회*
2021-09-30 07:25:44,4d3028213774ecaf476a12fa1f01b4a1faa16b56bbe1c7c493cefdea4fcb7bb5,4a44dc15364204a80fe80e9039455cc1608281820fe2b24f1e5233ade6af1dd5,이효*
2021-09-29 15:49:58,f1e42019aecc858ffbcca7fddec511b761b474916fde37b1a6ff321a9b459330,e06c1cc1690fc71c7244a9a43354f633e8c17b63c23ea17b264d08acb013e1b3,비회*
2021-09-29 07:30:09,f1e42019aecc858ffbcca7fddec511b761b474916fde37b1a6ff321a9b459330,2a61207f45ea465ac72a87d00aa67ab017c70473ff961c0e1082fb770a7f2362,비회*
2021-09-29 08:34:03,f6971ca641816e297dec2eaf8dcacbe0c902ea72f11d5480f5c4dbe8c1b08c78,4a44dc15364204a80fe80e9039455cc1608281820fe2b24f1e5233ade6af1dd5,허석*
2021-09-28 18:02:33,f1e42019aecc858ffbcca7fddec511b761b474916fde37b1a6ff321a9b459330,b48472e3298fc248a0ea8ebbd8e3e30652b5fdfd9fdb078e08adc417c364a2a6,비회*
2021-09-28 15:20:51,f1e42019aecc858ffbcca7fddec511b761b474916fde37b1a6ff321a9b459330,9a86f1845a61682e559c109ba5f9275cd004286ebf7b0af2aee46c3ac8548e7c,비회*
2021-09-27 20:30:13,4d3028213774ecaf476a12fa1f01b4a1faa16b56bbe1c7c493cefdea4fcb7bb5,4a44dc15364204a80fe80e9039455cc1608281820fe2b24f1e5233ade6af1dd5,이효*
2021-09-28 11:46:12,f1e42019aecc858ffbcca7fddec511b761b474916fde37b1a6ff321a9b459330,a7a3084c88d699f702bd495b2d936b39e6a676d5c598cd53012d995fd21be294,비회*
2021-09-27 17:31:23,f9d8ab269cf7b37d5700337a3f84397e3f0c5145c8411e0eac73fecd9c36eebe,4a44dc15364204a80fe80e9039455cc1608281820fe2b24f1e5233ade6af1dd5,허윤*
2021-09-27 16:22:13,6be21e03ad77fade6101b53642500c706e8891bfc101befafe21048ed4853db3,4a44dc15364204a80fe80e9039455cc1608281820fe2b24f1e5233ade6af1dd5,김민*
2021-09-27 09:59:58,f1e42019aecc858ffbcca7fddec511b761b474916fde37b1a6ff321a9b459330,575e128ed88c897f8f5dda54181dff62e9e8f94baf7b156fe2c3be2dce70d347,비회*
2021-09-27 07:27:03,f1e42019aecc858ffbcca7fddec511b761b474916fde37b1a6ff321a9b459330,0053cfbf6840e4fba7e4e16ec5a5be7be1e6da81a8f562abd13495c4a057b1bd,비회*
2021-09-26 11:24:23,4d3028213774ecaf476a12fa1f01b4a1faa16b56bbe1c7c493cefdea4fcb7bb5,4a44dc15364204a80fe80e9039455cc1608281820fe2b24f1e5233ade6af1dd5,이효*
2021-09-25 12:54:46,f1e42019aecc858ffbcca7fddec511b761b474916fde37b1a6ff321a9b459330,c4d1a7da6c33994e15604510611e543c5767b93ef0efac77529993d706cb542c,비회*
2021-09-25 12:22:02,f1e42019aecc858ffbcca7fddec511b761b474916fde37b1a6ff321a9b459330,79c6ab8658e194b0efe0f7292c073f740eaad2f8f6933f0de6629a99d9909f5c,비회*
2021-09-24 20:06:46,f1e42019aecc858ffbcca7fddec511b761b474916fde37b1a6ff321a9b459330,0160bf9eab1ec2aba9d57c803a5ba76ac933af4b1454615a49a830ba4107f54e,비회*
2021-09-24 18:41:10,f1e42019aecc858ffbcca7fddec511b761b474916fde37b1a6ff321a9b459330,4328a71baa76b7ab3dce92f4d56a39c45442043d59785b27e0c3a5463a701e64,비회*
2021-09-24 16:46:42,f1e42019aecc858ffbcca7fddec511b761b474916fde37b1a6ff321a9b459330,9036ba403e1a0bc1d39cf7df6b95195ec4e96c9c6b944f9a23d5639a5beaae50,비회*
2021-09-24 15:04:48,f1e42019aecc858ffbcca7fddec511b761b474916fde37b1a6ff321a9b459330,c8d23481603d239efe0a6da527bc65aeb14f1e55c28161babdd8b87ef7812376,비회*
2021-09-24 13:13:18,3b0d5500b8e6aa8729e2409f420092769e6d7df7aab6cd9aef7375a20ac07b69,4a44dc15364204a80fe80e9039455cc1608281820fe2b24f1e5233ade6af1dd5,이기*
2021-09-23 18:46:12,f1e42019aecc858ffbcca7fddec511b761b474916fde37b1a6ff321a9b459330,613d2898fbb99e8e4ea9d724dc55af6acd7a481b59589b4401b6844cab08d550,비회*
2021-09-24 08:17:39,f1e42019aecc858ffbcca7fddec511b761b474916fde37b1a6ff321a9b459330,dcf2af149b96a3142320088c631ae1c43410e83e21288ef02f9cd2afc71cb672,비회*
2021-09-24 10:08:15,f1e42019aecc858ffbcca7fddec511b761b474916fde37b1a6ff321a9b459330,3e151057f1dfc437451503b52bbd11b4de76252d9539a757d1856f9c42206dfd,비회*
2021-09-23 09:54:42,f1e42019aecc858ffbcca7fddec511b761b474916fde37b1a6ff321a9b459330,7546dbcafdd598b4a5da864e97b67c7ed7be419b1cb61633543e5b5eee587e31,비회*
2021-09-23 07:32:39,f1e42019aecc858ffbcca7fddec511b761b474916fde37b1a6ff321a9b459330,0ca21856813e41dbc6c228b92976a894663f84b4441c00d5df54b983fe7b5295,비회*
2021-09-22 18:54:39,f1e42019aecc858ffbcca7fddec511b761b474916fde37b1a6ff321a9b459330,6e8a94209f8af97ab7a0325d5231f17e37cc1d8bf962d2b7c4571a38b6aabc5e,비회*
2021-09-22 18:51:04,8adcd7715b2a494d7b6ee967176f9d0356ed1cda76db9f771812aa2521c4cd53,4a44dc15364204a80fe80e9039455cc1608281820fe2b24f1e5233ade6af1dd5,이준*
2021-09-22 18:53:09,8adcd7715b2a494d7b6ee967176f9d0356ed1cda76db9f771812aa2521c4cd53,4a44dc15364204a80fe80e9039455cc1608281820fe2b24f1e5233ade6af1dd5,이준*
2021-09-19 11:57:03,f1e42019aecc858ffbcca7fddec511b761b474916fde37b1a6ff321a9b459330,46d53a8e746546e454b2441445c5048975685499d5bc3a96f28822fcbd766e4d,비회*
2021-09-18 13:23:53,f1e42019aecc858ffbcca7fddec511b761b474916fde37b1a6ff321a9b459330,45eca85bdea2cda769843c1ea6796e19b7b354177694a509619141fae9c646d1,비회*
2021-09-18 11:47:33,f1e42019aecc858ffbcca7fddec511b761b474916fde37b1a6ff321a9b459330,486ffd93e619bb9ac7ac5acef7dc51cb48ac2572d2d109a1b9363d3987ceda0a,비회*
2021-09-17 22:13:36,f1e42019aecc858ffbcca7fddec511b761b474916fde37b1a6ff321a9b459330,63700f4426bb884fb2b5a07f48f707ed5c6a6ec2768a0f5277fb18ccc8947f93,비회*
2021-09-17 20:13:56,98080a92329afcbb645cf503c4e803805ee3f42f614cdbeac9841edc2043f244,4a44dc15364204a80fe80e9039455cc1608281820fe2b24f1e5233ade6af1dd5,노원*
2021-09-17 16:44:10,f1e42019aecc858ffbcca7fddec511b761b474916fde37b1a6ff321a9b459330,a29a47f52b60b6649b0e79e41ea0e900f8437a78d02783dc9d03ac26bcd5c2d8,비회*
2021-09-17 12:38:23,98080a92329afcbb645cf503c4e803805ee3f42f614cdbeac9841edc2043f244,4a44dc15364204a80fe80e9039455cc1608281820fe2b24f1e5233ade6af1dd5,노원*
2021-09-17 15:15:06,f1e42019aecc858ffbcca7fddec511b761b474916fde37b1a6ff321a9b459330,b5b221d4fb6d52d22f5e5a0b41e0a335ec7d0eee23b573f92eac2572f742db16,비회*
2021-09-17 08:39:16,f1e42019aecc858ffbcca7fddec511b761b474916fde37b1a6ff321a9b459330,685f29c548c838a3e92b7bf72249711cea60a672b3461caba985a5f999e75973,비회*
2021-09-17 07:24:49,f1e42019aecc858ffbcca7fddec511b761b474916fde37b1a6ff321a9b459330,e8a1bae30d54fcf6e52366018178354007c1adb31781ffa84148374c92ac66f0,비회*
2021-09-16 19:30:48,f1e42019aecc858ffbcca7fddec511b761b474916fde37b1a6ff321a9b459330,7e0416084ec42bce2a1506a4d5ec6bda975d0880fa471a7e49883c0f82e0634d,비회*
2021-09-16 19:26:37,f1e42019aecc858ffbcca7fddec511b761b474916fde37b1a6ff321a9b459330,3fb0061849f4d9f8d497725613e8d2d681a7bde9b0347754d7dcce5f66eb738c,비회*
2021-09-16 17:54:01,2655a6f31562418b2a549c14542c42ca40dd125a4dc466986a3b33960ee17e21,4a44dc15364204a80fe80e9039455cc1608281820fe2b24f1e5233ade6af1dd5,박창*
2021-09-16 15:03:49,f1e42019aecc858ffbcca7fddec511b761b474916fde37b1a6ff321a9b459330,7c9b257b82b4f293974229f18f082486c5a19f8e2fdaa6b3f632a3fb1908d093,비회*
2021-09-16 12:41:48,f1e42019aecc858ffbcca7fddec511b761b474916fde37b1a6ff321a9b459330,8f5cf960b42308bc3520161df75bd58bc220c37e831dc16d5fa609bd51230dfa,비회*
2021-09-16 13:43:27,4d3028213774ecaf476a12fa1f01b4a1faa16b56bbe1c7c493cefdea4fcb7bb5,4a44dc15364204a80fe80e9039455cc1608281820fe2b24f1e5233ade6af1dd5,이효*
2021-09-16 07:48:54,f1e42019aecc858ffbcca7fddec511b761b474916fde37b1a6ff321a9b459330,4e7ca7caf4d6cca41776c8dee5497218f27586f60be1866b8e579b93488b4e02,비회*
2021-09-15 17:13:41,f1e42019aecc858ffbcca7fddec511b761b474916fde37b1a6ff321a9b459330,91aa227c6da2ea2cd3eb74111586b8334a2fdab68ed89a732c0dc38a047995d3,비회*
2021-09-14 16:22:05,f1e42019aecc858ffbcca7fddec511b761b474916fde37b1a6ff321a9b459330,8da48b9177235683e8812113269d519b0d82c5f2c4846a53c559a761f2f88d54,비회*
2021-09-15 10:48:22,f1e42019aecc858ffbcca7fddec511b761b474916fde37b1a6ff321a9b459330,1c52d6ae7625dc2be7b45240ac523b604953a14262d28b120450f9314361597b,비회*
2021-09-14 11:54:29,f1e42019aecc858ffbcca7fddec511b761b474916fde37b1a6ff321a9b459330,20374b1997a15474ccb365c6d1185f87d36eb4b79b349195d987a00aa968f249,비회*
2021-09-14 08:39:39,f1e42019aecc858ffbcca7fddec511b761b474916fde37b1a6ff321a9b459330,2a2c1c1a538fcb947aeeda0ca9cd084de444e40a737bd67f855918b9a4c02ff1,비회*
2021-09-14 07:25:49,f1e42019aecc858ffbcca7fddec511b761b474916fde37b1a6ff321a9b459330,32fa6f66f166daf4fb61d4c12e10ec0f9550e138e961280e93d77ef882953de5,비회*
2021-09-13 19:01:29,f1e42019aecc858ffbcca7fddec511b761b474916fde37b1a6ff321a9b459330,7fdadf0ca06d39b0708c2d4aeb23d0e309bcbbc5184cf52deee74e7375e8da23,비회*
2021-09-13 15:45:25,f1e42019aecc858ffbcca7fddec511b761b474916fde37b1a6ff321a9b459330,aa90f1b947a74d0d82865bd0b97d34cd1727b445f2b31a3bec6172797366ee4f,비회*
2021-09-13 14:38:26,40e268520a7bee0c586407b015c09275cd64f5e5c9fe2002d449942f33af71af,4a44dc15364204a80fe80e9039455cc1608281820fe2b24f1e5233ade6af1dd5,박종*
2021-09-13 11:43:46,f1e42019aecc858ffbcca7fddec511b761b474916fde37b1a6ff321a9b459330,104cc8df180d99788d4c81e97527d6027601e77d7e06e671a8633540d4bd6348,비회*
2021-09-12 06:45:39,f1e42019aecc858ffbcca7fddec511b761b474916fde37b1a6ff321a9b459330,31cd3bd62880d937cc597dbf051f010d5ab6e2ccd2295db638d478a386972326,비회*
2021-09-12 10:14:46,f1e42019aecc858ffbcca7fddec511b761b474916fde37b1a6ff321a9b459330,478fe1ded4c90178c0867283649948b9f0a0939c4d289b8024f82e8106131b8d,비회*
2021-09-12 05:47:11,f1e42019aecc858ffbcca7fddec511b761b474916fde37b1a6ff321a9b459330,99ae391cebddfb9c6db17a407c4c411b058f666d53ecffffd177b714f37c3044,비회*
2021-09-10 17:50:32,f1e42019aecc858ffbcca7fddec511b761b474916fde37b1a6ff321a9b459330,6b974991db0841fd6280a342a9379065a421e733f2ba515d61996cf62c609d56,비회*
2021-09-10 18:03:15,f1e42019aecc858ffbcca7fddec511b761b474916fde37b1a6ff321a9b459330,93f95a0490aec0723507cada9f15868a459414a4bb64f01cdaa8d03c4daeacdc,비회*
2021-09-10 17:49:00,f1e42019aecc858ffbcca7fddec511b761b474916fde37b1a6ff321a9b459330,ccc3c292c2c5e738f6b7d4d1431ee1fbb3d3edb0a20d5e62bb5d04803d415d84,비회*
2021-09-10 17:45:30,f1e42019aecc858ffbcca7fddec511b761b474916fde37b1a6ff321a9b459330,efdbc008bcafe3ef21be7e54b57b2fbd402059a6a82e51b4f8f243a58a9a5a50,비회*
2021-09-11 09:43:41,0f75ac9705b0d7847df96d1dc5d744dec4d752e045afb79c78b2902b789d6adc,4a44dc15364204a80fe80e9039455cc1608281820fe2b24f1e5233ade6af1dd5,충전*****
2021-09-10 17:37:27,f1e42019aecc858ffbcca7fddec511b761b474916fde37b1a6ff321a9b459330,2801b8062b775761641df75ad5f776b9e66fb66ca7a3a85fc06af93d2fa1026e,비회*
2021-09-10 17:35:52,f1e42019aecc858ffbcca7fddec511b761b474916fde37b1a6ff321a9b459330,2cc6ab8a3c08652eb64fd8d6fcc1f5450d2f14811a3064d96b7c470da5d55d9f,비회*
2021-09-10 17:34:36,f1e42019aecc858ffbcca7fddec511b761b474916fde37b1a6ff321a9b459330,604f51828707369a649ed25e7446dd76e22fda1a396d95a6f6dae9c03a9dfefd,비회*
2021-09-10 17:33:20,f1e42019aecc858ffbcca7fddec511b761b474916fde37b1a6ff321a9b459330,18f75fd1a5822d0fb79accce66981d053adce4f70936836ed70138109f2f5a22,비회*
2021-09-10 17:30:27,f1e42019aecc858ffbcca7fddec511b761b474916fde37b1a6ff321a9b459330,3445bc2f52ce340ee9995526d96d323c80f12d8d75aada1def3c5b4369bbf314,비회*
2021-09-10 17:32:04,f1e42019aecc858ffbcca7fddec511b761b474916fde37b1a6ff321a9b459330,92c3bc3e83cb0dbd01bbceb227b35910b9c867204e6a5d6ff081d89a0a0b4543,비회*
2021-09-10 17:26:56,f1e42019aecc858ffbcca7fddec511b761b474916fde37b1a6ff321a9b459330,7b40aca425493583bde4b422ab902f43e6d6a4b712fd83278cc7046fdb1f3398,비회*
2021-09-10 17:18:22,f1e42019aecc858ffbcca7fddec511b761b474916fde37b1a6ff321a9b459330,eb9d67793757876de7d3ca89457e9398f49d762b61237e34ae7356c14107bc46,비회*
2021-09-10 16:49:45,f1e42019aecc858ffbcca7fddec511b761b474916fde37b1a6ff321a9b459330,7a09cf928ab4e543445d5c1a1b7fd2f9826b01f3d92086a2a1370e8acebb1d35,비회*
2021-09-10 17:17:30,f1e42019aecc858ffbcca7fddec511b761b474916fde37b1a6ff321a9b459330,cfb240fe0ec503c12f122d8411faa9058ac32f1963f014a8340cb10349d919c5,비회*
2021-09-10 16:48:50,f1e42019aecc858ffbcca7fddec511b761b474916fde37b1a6ff321a9b459330,c9d41a31f33d916b1256623a95e81ba253e9f5f49fbc97e87afe75518ca574db,비회*
2021-09-10 16:44:06,f1e42019aecc858ffbcca7fddec511b761b474916fde37b1a6ff321a9b459330,3b1661f5cc40b1a6f4b5a27ab37cd88cf70fcc06dfef3752d09329ccf3804bcd,비회*
2021-09-10 16:39:21,f1e42019aecc858ffbcca7fddec511b761b474916fde37b1a6ff321a9b459330,f5f60858a6d98f15f12ac158ec988008edd064410869e2b255aa7e5a5fecd70e,비회*
2021-09-10 16:32:00,f1e42019aecc858ffbcca7fddec511b761b474916fde37b1a6ff321a9b459330,9f5046c5a56c921e90019c1d19df00fef8afc1ccdb29cb74c95c6a0ebad5b86a,비회*
2021-09-10 16:30:28,f1e42019aecc858ffbcca7fddec511b761b474916fde37b1a6ff321a9b459330,33b252726b4e63bcd6fd203577a489e49be1b4ec4c82f658a47eb4ebd33a862e,비회*
2021-09-10 16:05:09,f1e42019aecc858ffbcca7fddec511b761b474916fde37b1a6ff321a9b459330,c2ad34cb965a0b5a54fc346a285ce98c3e9cfc87dd21a7ff4daaec7e930bd4a9,비회*
2021-09-10 15:56:14,f1e42019aecc858ffbcca7fddec511b761b474916fde37b1a6ff321a9b459330,81868dbb1ecac5ad129d0208c88f2acf03ec262cde0b040916d688f7e8518135,비회*
2021-09-10 15:29:04,f1e42019aecc858ffbcca7fddec511b761b474916fde37b1a6ff321a9b459330,9af4f9e518a1410706f606cbd2b989625a9f024633c1c1e027ee33daf17b34f5,비회*
2021-09-10 15:16:48,f1e42019aecc858ffbcca7fddec511b761b474916fde37b1a6ff321a9b459330,59961b8052e963de6681f00bd2bb41433fe35a53bf34df5476c05081ca1baeb3,비회*
2021-09-10 15:18:27,f1e42019aecc858ffbcca7fddec511b761b474916fde37b1a6ff321a9b459330,a01e8faf7820ec5f1d45e4da1e3222d78acee9d8c9ef98e85f73cf7783666779,비회*
2021-09-10 15:14:43,f1e42019aecc858ffbcca7fddec511b761b474916fde37b1a6ff321a9b459330,56419f749d50a160930f24e9ca599e796f58f66b6fd72690ddddee899a697e0f,비회*
2021-09-10 15:12:30,f1e42019aecc858ffbcca7fddec511b761b474916fde37b1a6ff321a9b459330,33407c4737d4e574970e22fa53c7d9235aa5b0d913add756341fc502ace75dd8,비회*
2021-09-10 15:07:16,f1e42019aecc858ffbcca7fddec511b761b474916fde37b1a6ff321a9b459330,3d381b12db28ab2589858a1addd36fe34a4927fcd18ed91546cfc5e4729cafb5,비회*
2021-09-10 15:10:01,f1e42019aecc858ffbcca7fddec511b761b474916fde37b1a6ff321a9b459330,5657fbdfd62c3f8e7edce03a95c16dbf86c9bb63f537391a60a48d9bbe52d84a,비회*
2021-09-10 15:03:55,f1e42019aecc858ffbcca7fddec511b761b474916fde37b1a6ff321a9b459330,276e7394017efdd3ebf29db90610ddbfef2ec92d1098c7ea76d5c318c6244106,비회*
2021-09-10 14:50:26,f1e42019aecc858ffbcca7fddec511b761b474916fde37b1a6ff321a9b459330,6d6587654c4ace6e8ce9a6605f1cd0842e2574b6d4cc603281231b69164ea7ae,비회*
2021-09-10 14:45:26,f1e42019aecc858ffbcca7fddec511b761b474916fde37b1a6ff321a9b459330,306ffa7e1d0e7164c9111b3cd6fae86353062332574efe17360a620dbd6d397c,비회*
2021-09-10 14:55:55,f6971ca641816e297dec2eaf8dcacbe0c902ea72f11d5480f5c4dbe8c1b08c78,4a44dc15364204a80fe80e9039455cc1608281820fe2b24f1e5233ade6af1dd5,허석*
2021-09-10 14:43:46,f1e42019aecc858ffbcca7fddec511b761b474916fde37b1a6ff321a9b459330,84bd5e0963a1445fc5e0ae8f7828020e54260cf0764a22af4c93a9ccec012c83,비회*
2021-09-10 14:39:36,f1e42019aecc858ffbcca7fddec511b761b474916fde37b1a6ff321a9b459330,72ace8401349718836c6cf0953b6acca38349abc72ca1cac2cfed753fb251148,비회*
2021-09-10 14:30:00,f1e42019aecc858ffbcca7fddec511b761b474916fde37b1a6ff321a9b459330,efb46b99cc247a20b68de41ea24b9f63866eec0b71f7b03fe070b1cf8ee2d200,비회*
2021-09-10 14:23:52,f1e42019aecc858ffbcca7fddec511b761b474916fde37b1a6ff321a9b459330,166c422657227f20afbca0bfb325082f3d047ab70267583b849c65aee1794b3c,비회*
2021-09-10 14:17:45,f6971ca641816e297dec2eaf8dcacbe0c902ea72f11d5480f5c4dbe8c1b08c78,4a44dc15364204a80fe80e9039455cc1608281820fe2b24f1e5233ade6af1dd5,허석*
2021-09-10 14:01:35,f1e42019aecc858ffbcca7fddec511b761b474916fde37b1a6ff321a9b459330,bedf1b45b52cdf0c3e8e4a1484701450c0750daf18dc8098d94a03c9da7a5c8a,비회*
2021-09-10 10:21:00,f1e42019aecc858ffbcca7fddec511b761b474916fde37b1a6ff321a9b459330,f8deb3b41f1b61f52d8864f54c93c1a5c157edbdc043150aeb4d67053abdb310,비회*
2021-09-10 07:59:28,f1e42019aecc858ffbcca7fddec511b761b474916fde37b1a6ff321a9b459330,823c89e44cdd60491e5e44c64e00e04aeb016779d667b6af0e4c9a00bbac5446,비회*
2021-09-10 07:37:00,f1e42019aecc858ffbcca7fddec511b761b474916fde37b1a6ff321a9b459330,399f0520f7564bd4410e430c189eed0795a84ebdc3679c31f646b6e5e3bcdcd8,비회*
2021-09-09 15:01:47,f1e42019aecc858ffbcca7fddec511b761b474916fde37b1a6ff321a9b459330,46932878fb0757314f5732394bab2737e4ece288ec7dbb9cbc1e5c48ca8ecaf1,비회*
2021-09-10 06:24:12,76632f1de0fca10f5f07f9c20e40233ecf8443fb3c9818e164ee0ccdd6abc023,4a44dc15364204a80fe80e9039455cc1608281820fe2b24f1e5233ade6af1dd5,신현* 
2021-09-09 13:51:25,f1e42019aecc858ffbcca7fddec511b761b474916fde37b1a6ff321a9b459330,af8f11017af934a7888818679137aecdce8a7f7dfde67f82fa3d37133551efef,비회*
2021-09-09 10:59:24,f1e42019aecc858ffbcca7fddec511b761b474916fde37b1a6ff321a9b459330,3acf6b91b4830b7f3e7f3a1407f15936680f4e1bba30f1935a4cc7ffae3146cc,비회*
2021-09-09 07:28:44,f1e42019aecc858ffbcca7fddec511b761b474916fde37b1a6ff321a9b459330,4fbdaf364b07c3b381e08ca5cf0857dcdb23dfffa327c61950b813f6e9b8f298,비회*
2021-09-08 17:48:57,40e268520a7bee0c586407b015c09275cd64f5e5c9fe2002d449942f33af71af,4a44dc15364204a80fe80e9039455cc1608281820fe2b24f1e5233ade6af1dd5,박종*
2021-09-08 16:36:18,40e268520a7bee0c586407b015c09275cd64f5e5c9fe2002d449942f33af71af,4a44dc15364204a80fe80e9039455cc1608281820fe2b24f1e5233ade6af1dd5,박종*
2021-09-08 09:21:46,f1e42019aecc858ffbcca7fddec511b761b474916fde37b1a6ff321a9b459330,c70f238b38a4932a4360aab54c26b9f7bf3c2dcf44513fd3684052f774f919e3,비회*
2021-09-08 14:43:11,f1e42019aecc858ffbcca7fddec511b761b474916fde37b1a6ff321a9b459330,f5d672a8e7ed3fa8d63a6e3128eced80106cf8d9a29b3341acde4d909a416bf3,비회*
2021-09-08 08:32:15,f1e42019aecc858ffbcca7fddec511b761b474916fde37b1a6ff321a9b459330,970e0f2a2ed7883d082634539d6cac3e0579ed5c304184b64ca3e6981d03af38,비회*
2021-09-08 07:38:14,f1e42019aecc858ffbcca7fddec511b761b474916fde37b1a6ff321a9b459330,7fb3c2e33c7504128035f33960743a47840cc41e96f15c138b3d2a231c527b27,비회*
2021-09-07 16:30:46,f1e42019aecc858ffbcca7fddec511b761b474916fde37b1a6ff321a9b459330,61bc5756b051b2da9d0b9bfc349c81e01d9f8a543a86a331fbbe67ee3ae5eff5,비회*
2021-09-07 12:04:11,f1e42019aecc858ffbcca7fddec511b761b474916fde37b1a6ff321a9b459330,2883fb31b06ec499574cdb46a4ab3ab4784b946d523f56bb176fa5d1c47b957b,비회*
2021-09-07 13:38:56,0f75ac9705b0d7847df96d1dc5d744dec4d752e045afb79c78b2902b789d6adc,4a44dc15364204a80fe80e9039455cc1608281820fe2b24f1e5233ade6af1dd5,충전*****
2021-09-07 10:24:57,f1e42019aecc858ffbcca7fddec511b761b474916fde37b1a6ff321a9b459330,fd80ec8e95722394bb89d7a4b853c451bb0876ddec405757993969f397be9167,비회*
2021-09-07 08:16:31,f1e42019aecc858ffbcca7fddec511b761b474916fde37b1a6ff321a9b459330,18967dde4f7d57c2cfbc903df9ad69ef4bf1d9bcabc33abdee5db9cd4b39d559,비회*
2021-09-07 07:46:44,f1e42019aecc858ffbcca7fddec511b761b474916fde37b1a6ff321a9b459330,cd61f268789b855b7799cd2b68124716896aa4e7b8c4ae8a3043845fa57e227d,비회*
2021-09-06 14:25:46,40e268520a7bee0c586407b015c09275cd64f5e5c9fe2002d449942f33af71af,4a44dc15364204a80fe80e9039455cc1608281820fe2b24f1e5233ade6af1dd5,박종*
2021-09-06 11:51:18,f1e42019aecc858ffbcca7fddec511b761b474916fde37b1a6ff321a9b459330,37224ba86b390f77852a2751286dff32b2e4617ce2c27269790819a96b689046,비회*
2021-10-31 10:19:00,f1e42019aecc858ffbcca7fddec511b761b474916fde37b1a6ff321a9b459330,56bafb350cb12be3c558fabaf1e40dea7011a4de8180b55041a2413cc63f621b,비회*
2021-10-31 16:21:08,3ca38d5f23194f580b568ee076395b75dcabfad8a0b6fe07c4a0c90904c29e36,4a44dc15364204a80fe80e9039455cc1608281820fe2b24f1e5233ade6af1dd5,김경*
2021-10-31 11:41:16,98080a92329afcbb645cf503c4e803805ee3f42f614cdbeac9841edc2043f244,4a44dc15364204a80fe80e9039455cc1608281820fe2b24f1e5233ade6af1dd5,노원*
2021-10-30 13:22:42,f1e42019aecc858ffbcca7fddec511b761b474916fde37b1a6ff321a9b459330,ee79ac5bdb2ba27a992f9634d0c0681329dd4e6a2c57a27353e3a60d3841a9a3,비회*
2021-10-30 12:59:11,f1e42019aecc858ffbcca7fddec511b761b474916fde37b1a6ff321a9b459330,ef46e088390843f70a7580247a65dbd2081a1c9cae4efab7cc9c1b4cefed9275,비회*
2021-10-30 11:31:47,f1e42019aecc858ffbcca7fddec511b761b474916fde37b1a6ff321a9b459330,74e16b9b7b058cbde7cd6436da4e50a51fd1b24c7850b0cb5a4ffa52fea282b8,비회*
2021-10-29 22:07:27,f1e42019aecc858ffbcca7fddec511b761b474916fde37b1a6ff321a9b459330,f5dccd2252867b53c1260873682d0b3d5e266e05b4ae7ca920b4e8179e214c07,비회*
2021-10-29 19:08:18,f1e42019aecc858ffbcca7fddec511b761b474916fde37b1a6ff321a9b459330,70b04961403d96394af7e544edb70bb3f705c03115a5932e8a3db84fbd23cab2,비회*
2021-10-29 14:37:18,f1e42019aecc858ffbcca7fddec511b761b474916fde37b1a6ff321a9b459330,5df9a7011da1641050b0daec95dec5542b9e175a0b7673027f0df938a97e7043,비회*
2021-10-29 16:35:50,6be21e03ad77fade6101b53642500c706e8891bfc101befafe21048ed4853db3,4a44dc15364204a80fe80e9039455cc1608281820fe2b24f1e5233ade6af1dd5,김민*
2021-10-29 14:33:36,f1e42019aecc858ffbcca7fddec511b761b474916fde37b1a6ff321a9b459330,4de3ebdeac68b31b0e3989dce52094f051d99de6998f815df84201eff85c8c00,비회*
2021-10-29 08:48:33,f1e42019aecc858ffbcca7fddec511b761b474916fde37b1a6ff321a9b459330,ae4a8dd3c2ca6a9cf4625cf026d972eb7010389e5ea7446600f1ab9f28cfa0b8,비회*
2021-10-29 07:34:58,f1e42019aecc858ffbcca7fddec511b761b474916fde37b1a6ff321a9b459330,c8097d6a7e6bd67b98282c60f4c7a10be84ce061a797f7355571a9654468c11d,비회*
2021-10-28 18:20:58,f1e42019aecc858ffbcca7fddec511b761b474916fde37b1a6ff321a9b459330,f6e7cf0d32f83f7bafad17ef2963184f0a562141aad3131c1f79c6264fe4c239,비회*
2021-10-28 15:20:33,f1e42019aecc858ffbcca7fddec511b761b474916fde37b1a6ff321a9b459330,625c9e0ef8b0ce52684b7d37d5ce29bebea60e6adfc881c6386663da9b5d2fc9,비회*
2021-10-28 13:56:56,d0260d0199986913267c4923b0b73dadba1ff80c5f8b137eaf71caef3f10faa4,4a44dc15364204a80fe80e9039455cc1608281820fe2b24f1e5233ade6af1dd5,강주*
2021-10-28 11:41:33,6699232090a0a9bf1cddbf83d1f72ee224a84c2c314847b0b2aacf2e416f1cbd,4a44dc15364204a80fe80e9039455cc1608281820fe2b24f1e5233ade6af1dd5,하연*
2021-10-28 11:14:35,6699232090a0a9bf1cddbf83d1f72ee224a84c2c314847b0b2aacf2e416f1cbd,4a44dc15364204a80fe80e9039455cc1608281820fe2b24f1e5233ade6af1dd5,하연*
2021-10-28 09:05:50,98080a92329afcbb645cf503c4e803805ee3f42f614cdbeac9841edc2043f244,4a44dc15364204a80fe80e9039455cc1608281820fe2b24f1e5233ade6af1dd5,노원*
2021-10-28 10:14:44,f1e42019aecc858ffbcca7fddec511b761b474916fde37b1a6ff321a9b459330,0ccfa0f0e9e454abddb41c517d31efd35e210f7705632b7531e358270bcd53f4,비회*
2021-10-28 07:44:39,f1e42019aecc858ffbcca7fddec511b761b474916fde37b1a6ff321a9b459330,9ccf5fde2a7f4f038b83e07cb25491d06fdc608ba0a1f1d630a44860112d9713,비회*
2021-10-27 17:00:13,f1e42019aecc858ffbcca7fddec511b761b474916fde37b1a6ff321a9b459330,9ece5cf8be5176bafe4686601a876f8d1aa5c29eafcadb76749fdfe03890a2a2,비회*
2021-10-27 16:59:05,f1e42019aecc858ffbcca7fddec511b761b474916fde37b1a6ff321a9b459330,fbfdd1530d562aa4295258bde65d8ee0898184006b3dd76a578307d8e9000e57,비회*
2021-10-27 16:55:10,f1e42019aecc858ffbcca7fddec511b761b474916fde37b1a6ff321a9b459330,d2921c74376f781f5956bd51676e8c7e9b2f971b3948e66f2e1c3c498bee4a11,비회*
2021-10-27 16:47:50,73fbba24902f925a3c9c21adf2eb28f80587fda0bbff9f4f811a82968f82830e,4a44dc15364204a80fe80e9039455cc1608281820fe2b24f1e5233ade6af1dd5,김용*
2021-10-27 16:47:11,73fbba24902f925a3c9c21adf2eb28f80587fda0bbff9f4f811a82968f82830e,4a44dc15364204a80fe80e9039455cc1608281820fe2b24f1e5233ade6af1dd5,김용*
2021-10-27 16:43:58,f1e42019aecc858ffbcca7fddec511b761b474916fde37b1a6ff321a9b459330,5dcf50d4eb17218932c21f353b498553a851f45ca0a17d3455c30d1dfe0674db,비회*
2021-10-27 16:42:52,f1e42019aecc858ffbcca7fddec511b761b474916fde37b1a6ff321a9b459330,0c08ea673918e3747df5d3908fc692239025da058be05c8867210a2c0bf383d2,비회*
2021-10-27 15:19:18,f1e42019aecc858ffbcca7fddec511b761b474916fde37b1a6ff321a9b459330,dc30c74d3f62eed8191e86a53dcc2fb98e4cadd225d01fcb8271ce7b918d3442,비회*
2021-10-27 16:40:39,f1e42019aecc858ffbcca7fddec511b761b474916fde37b1a6ff321a9b459330,2ccc01520a158dc67ec90ae3f9e01e8bd3ae798791ecf09bf7c611dbe5dbfd25,비회*
2021-10-27 13:34:46,f9d8ab269cf7b37d5700337a3f84397e3f0c5145c8411e0eac73fecd9c36eebe,4a44dc15364204a80fe80e9039455cc1608281820fe2b24f1e5233ade6af1dd5,허윤*
2021-10-27 13:29:44,f9d8ab269cf7b37d5700337a3f84397e3f0c5145c8411e0eac73fecd9c36eebe,4a44dc15364204a80fe80e9039455cc1608281820fe2b24f1e5233ade6af1dd5,허윤*
2021-10-27 12:10:50,f1e42019aecc858ffbcca7fddec511b761b474916fde37b1a6ff321a9b459330,2a4be5b61751941911537bacf3684b332d6833d6093a7a07526f4b42f5fa5d6f,비회*
2021-10-27 12:07:44,f1e42019aecc858ffbcca7fddec511b761b474916fde37b1a6ff321a9b459330,1ed75f0fcf063da19cce04fa654b993a7829659d3302a630229859bd31552a92,비회*
2021-10-27 11:59:50,f1e42019aecc858ffbcca7fddec511b761b474916fde37b1a6ff321a9b459330,e289f20c05002c664883e7979d94369c1563be4d074a5e9972313fe6ff85ded2,비회*
2021-10-27 11:51:40,f1e42019aecc858ffbcca7fddec511b761b474916fde37b1a6ff321a9b459330,216955993cf122abdb5fd357787711937656062cd619b623a8b439872c06caeb,비회*
2021-10-27 11:55:13,f1e42019aecc858ffbcca7fddec511b761b474916fde37b1a6ff321a9b459330,4bd79fa9ce0c7e3775084b4bdc83468d65cc2c96b613d26b4294b62d62f224cc,비회*
2021-10-27 11:41:54,f1e42019aecc858ffbcca7fddec511b761b474916fde37b1a6ff321a9b459330,01b01a07b6990ccf26c8b4ed9d73c680002de0366783d95baa0bb650a2d20d3b,비회*
2021-10-27 11:37:07,f1e42019aecc858ffbcca7fddec511b761b474916fde37b1a6ff321a9b459330,64c86c25967b2af8513ba1f13965c5b06f914a37ed95f12d3afb3da19310f260,비회*
2021-10-27 11:48:00,f1e42019aecc858ffbcca7fddec511b761b474916fde37b1a6ff321a9b459330,6db697015ed85e736e81de7e139f3e8e0d7f2badd14ba9915094dc2803fd0cf9,비회*
2021-10-27 11:27:38,2c0a94fd246b686fbaf706910b9bd9b7cf653b80517d344b916ca146b586ee24,4a44dc15364204a80fe80e9039455cc1608281820fe2b24f1e5233ade6af1dd5,김성*
2021-10-27 08:25:21,f1e42019aecc858ffbcca7fddec511b761b474916fde37b1a6ff321a9b459330,1af7acf98c778ae09328e4da4ad53a8d7ebfdacf1c45c5021dbafd4883b3dfe1,비회*
2021-10-26 16:13:28,f1e42019aecc858ffbcca7fddec511b761b474916fde37b1a6ff321a9b459330,d8ab6683386aa86fcd492230e9a7e8ee28fe16988cfff219619135227a753d0d,비회*
2021-10-26 20:34:03,3b0d5500b8e6aa8729e2409f420092769e6d7df7aab6cd9aef7375a20ac07b69,4a44dc15364204a80fe80e9039455cc1608281820fe2b24f1e5233ade6af1dd5,이기*
2021-10-26 13:39:11,f1e42019aecc858ffbcca7fddec511b761b474916fde37b1a6ff321a9b459330,dcaa934505090d73891f5b8877de720b4b2a55d2976ee7778999b2de6ca5c378,비회*
2021-10-26 12:40:04,f1e42019aecc858ffbcca7fddec511b761b474916fde37b1a6ff321a9b459330,5267fdc7c7863bb3f3e977bd8883f6aa423d5c864365cf34d8beaa372bc729c9,비회*
2021-10-26 09:58:50,f1e42019aecc858ffbcca7fddec511b761b474916fde37b1a6ff321a9b459330,689da3f15e95a92e05f13e568501d2580cf306cfc0479f536bfb759496f548ae,비회*
2021-10-26 12:35:38,f1e42019aecc858ffbcca7fddec511b761b474916fde37b1a6ff321a9b459330,173b343533bfd77fa32763b5f6ec778cf37193feacaffa6047782e16d8cc2fb3,비회*
2021-10-26 09:55:36,f1e42019aecc858ffbcca7fddec511b761b474916fde37b1a6ff321a9b459330,f9c8c4d0d66ea28973ffaa1ebed4332e606b636b3a959c74516aa2530d0cd303,비회*
2021-10-26 09:54:47,f1e42019aecc858ffbcca7fddec511b761b474916fde37b1a6ff321a9b459330,dfe398236ab732528766008c885f64a59b92b4559efebcba35d17da649e95f8d,비회*
2021-10-26 09:53:48,f1e42019aecc858ffbcca7fddec511b761b474916fde37b1a6ff321a9b459330,13ed00c75ca57f67e9bbad5e520d09b9cf1a389779ec03a39cb5e4a9efb38765,비회*
2021-10-25 13:32:48,f9d8ab269cf7b37d5700337a3f84397e3f0c5145c8411e0eac73fecd9c36eebe,4a44dc15364204a80fe80e9039455cc1608281820fe2b24f1e5233ade6af1dd5,허윤*
2021-10-25 13:30:52,f9d8ab269cf7b37d5700337a3f84397e3f0c5145c8411e0eac73fecd9c36eebe,4a44dc15364204a80fe80e9039455cc1608281820fe2b24f1e5233ade6af1dd5,허윤*
2021-10-25 13:29:30,f9d8ab269cf7b37d5700337a3f84397e3f0c5145c8411e0eac73fecd9c36eebe,4a44dc15364204a80fe80e9039455cc1608281820fe2b24f1e5233ade6af1dd5,허윤*
2021-10-25 13:17:51,f1e42019aecc858ffbcca7fddec511b761b474916fde37b1a6ff321a9b459330,a1bef77c16ca53f0ac5a89c4daa96b3c6cda6469498b558f7100c60acc679426,비회*
2021-10-25 11:57:46,f9d8ab269cf7b37d5700337a3f84397e3f0c5145c8411e0eac73fecd9c36eebe,4a44dc15364204a80fe80e9039455cc1608281820fe2b24f1e5233ade6af1dd5,허윤*
2021-10-25 11:54:02,f1e42019aecc858ffbcca7fddec511b761b474916fde37b1a6ff321a9b459330,a7b6b091c92bdc409f8ee368415231078c68a51d874cd697ac69a4a9b72791f8,비회*
2021-10-25 11:51:17,f9d8ab269cf7b37d5700337a3f84397e3f0c5145c8411e0eac73fecd9c36eebe,4a44dc15364204a80fe80e9039455cc1608281820fe2b24f1e5233ade6af1dd5,허윤*
2021-10-25 11:47:43,f1e42019aecc858ffbcca7fddec511b761b474916fde37b1a6ff321a9b459330,6f797b8b32fb01be0b09cac8b7e3236881acd558c8a9d5bc032fab5413ee9acb,비회*
2021-10-25 11:43:18,6be21e03ad77fade6101b53642500c706e8891bfc101befafe21048ed4853db3,4a44dc15364204a80fe80e9039455cc1608281820fe2b24f1e5233ade6af1dd5,김민*
2021-10-25 10:14:38,f1e42019aecc858ffbcca7fddec511b761b474916fde37b1a6ff321a9b459330,603f11c6cb2ee87f0a375402a0860965964b1e6407503277f5c2ab813ff65ab1,비회*
2021-10-25 11:42:12,6be21e03ad77fade6101b53642500c706e8891bfc101befafe21048ed4853db3,4a44dc15364204a80fe80e9039455cc1608281820fe2b24f1e5233ade6af1dd5,김민*
2021-10-25 08:58:20,05c40e260bdf46496e5fccf03ec498c717615af9271123544cebd8273cdccfd1,4a44dc15364204a80fe80e9039455cc1608281820fe2b24f1e5233ade6af1dd5,백현*
2021-10-24 16:49:59,f1e42019aecc858ffbcca7fddec511b761b474916fde37b1a6ff321a9b459330,640aa110cfcb2c3ff7dbabf53e5b649f347426bb54a74ef9a6bab3cafc536188,비회*
2021-10-25 08:12:08,f1e42019aecc858ffbcca7fddec511b761b474916fde37b1a6ff321a9b459330,4bd2bbee5d74408bf59fd34fedcd1b8b67d6f0a0b6f093e269d7dc7f8dfec93c,비회*
2021-10-24 15:42:02,f1e42019aecc858ffbcca7fddec511b761b474916fde37b1a6ff321a9b459330,290b94ac171cd2a1d61e5a50b2066fd76179769b41288d1b72706369e136f8af,비회*
2021-10-24 10:13:51,f1e42019aecc858ffbcca7fddec511b761b474916fde37b1a6ff321a9b459330,1443edf589d97f3a6926aeebe3d8cf883af56cfd5a08486d9fe5a1c37e0dc414,비회*
2021-10-24 09:47:03,f1e42019aecc858ffbcca7fddec511b761b474916fde37b1a6ff321a9b459330,f87c11c3eb72b2537245f546387042e44e4e7432d78b5fe010bfeba819cf6ecb,비회*
2021-10-23 11:46:28,f1e42019aecc858ffbcca7fddec511b761b474916fde37b1a6ff321a9b459330,51239db8c258ff859f51b302fdaf74f6fecc533adabd3d26e8ff2e577a9f7787,비회*
2021-10-22 20:13:04,f1e42019aecc858ffbcca7fddec511b761b474916fde37b1a6ff321a9b459330,e0041ed8602dacc7d1fb3854707df0d1b88f255cf404e2c262d96153352a364a,비회*
2021-10-24 08:28:13,f1e42019aecc858ffbcca7fddec511b761b474916fde37b1a6ff321a9b459330,9195d3c502f0b6707abdfaa99d7c59908b27339740d299f814beb5171cca4946,비회*
2021-10-22 17:50:28,f1e42019aecc858ffbcca7fddec511b761b474916fde37b1a6ff321a9b459330,41e870a7d8dce1ed7b85642fc607b829bf314dbb266036dcc49cc65818dc94e2,비회*
2021-10-22 15:19:54,f1e42019aecc858ffbcca7fddec511b761b474916fde37b1a6ff321a9b459330,cd22dddf759175407f8bb755e7c57cfd34be6399c5294bb8b2211e992d7eb37e,비회*
2021-10-22 16:25:28,f1e42019aecc858ffbcca7fddec511b761b474916fde37b1a6ff321a9b459330,bbbc7063cd9f2107fd13ac49fdc60f33a3041e0a24bf6f99f2bd664d80ddef2c,비회*
2021-10-22 12:01:03,4d3028213774ecaf476a12fa1f01b4a1faa16b56bbe1c7c493cefdea4fcb7bb5,4a44dc15364204a80fe80e9039455cc1608281820fe2b24f1e5233ade6af1dd5,이효*
2021-10-22 10:51:06,f1e42019aecc858ffbcca7fddec511b761b474916fde37b1a6ff321a9b459330,74a635a9c8e40841a9e7bee6e0b879c0ffb166b0dfdb34ceaca80db4e3548b06,비회*
2021-10-22 10:03:31,f9d8ab269cf7b37d5700337a3f84397e3f0c5145c8411e0eac73fecd9c36eebe,4a44dc15364204a80fe80e9039455cc1608281820fe2b24f1e5233ade6af1dd5,허윤*
2021-10-22 10:02:03,f1e42019aecc858ffbcca7fddec511b761b474916fde37b1a6ff321a9b459330,6f4c982777cc4b97af0625d8b706d4061485ed0734277d13c07dd8780dd7bde9,비회*
2021-10-22 09:47:43,f9d8ab269cf7b37d5700337a3f84397e3f0c5145c8411e0eac73fecd9c36eebe,4a44dc15364204a80fe80e9039455cc1608281820fe2b24f1e5233ade6af1dd5,허윤*
2021-10-22 09:45:39,f1e42019aecc858ffbcca7fddec511b761b474916fde37b1a6ff321a9b459330,1f543e51ba67c3dac2df67748d8a9d25f4ecf1b9785d315e4b92a94912f27a1a,비회*
2021-10-22 09:00:00,f9d8ab269cf7b37d5700337a3f84397e3f0c5145c8411e0eac73fecd9c36eebe,4a44dc15364204a80fe80e9039455cc1608281820fe2b24f1e5233ade6af1dd5,허윤*
2021-10-21 19:27:17,3b0d5500b8e6aa8729e2409f420092769e6d7df7aab6cd9aef7375a20ac07b69,4a44dc15364204a80fe80e9039455cc1608281820fe2b24f1e5233ade6af1dd5,이기*
2021-10-21 15:04:58,d2d77cee3546f26be7132362cba083b7cec0e46f746d0ac91f74b567427c9d86,4a44dc15364204a80fe80e9039455cc1608281820fe2b24f1e5233ade6af1dd5,박민*
2021-10-21 13:49:08,f1e42019aecc858ffbcca7fddec511b761b474916fde37b1a6ff321a9b459330,cbb792fa63b0220eff6044048d22850843b0803f6827f809eea678e78c1a09b6,비회*
2021-10-20 18:22:41,f1e42019aecc858ffbcca7fddec511b761b474916fde37b1a6ff321a9b459330,97f0329b012de8be4100cf0204efda0aa5ccd177dbe78ac155db60c1d9c3f3d6,비회*
2021-10-20 16:46:48,f1e42019aecc858ffbcca7fddec511b761b474916fde37b1a6ff321a9b459330,3d169269062f2ef561efc4552367ad6fe69e5e724eeb847af524628ac9887d5d,비회*
2021-10-20 16:33:16,4d3028213774ecaf476a12fa1f01b4a1faa16b56bbe1c7c493cefdea4fcb7bb5,4a44dc15364204a80fe80e9039455cc1608281820fe2b24f1e5233ade6af1dd5,이효*
2021-10-20 16:30:49,4d3028213774ecaf476a12fa1f01b4a1faa16b56bbe1c7c493cefdea4fcb7bb5,4a44dc15364204a80fe80e9039455cc1608281820fe2b24f1e5233ade6af1dd5,이효*
2021-10-20 12:24:38,f1e42019aecc858ffbcca7fddec511b761b474916fde37b1a6ff321a9b459330,7d04e9d7e46ed2fb923f0a8a12cd7b3dc443a1f0fc39d157ef8265d4488abe7f,비회*
2021-10-20 11:15:01,f1e42019aecc858ffbcca7fddec511b761b474916fde37b1a6ff321a9b459330,4a0629496794971264f29f9f8199d1e15eda9d53649889fc16ebb7f288fdc54b,비회*
2021-10-20 09:55:33,f1e42019aecc858ffbcca7fddec511b761b474916fde37b1a6ff321a9b459330,c567d51d9193fd8d5e508412ba8f6b21223db8af7a1fdf3c3dca43a9b031b737,비회*
2021-10-20 06:21:38,76632f1de0fca10f5f07f9c20e40233ecf8443fb3c9818e164ee0ccdd6abc023,4a44dc15364204a80fe80e9039455cc1608281820fe2b24f1e5233ade6af1dd5,신현* 
2021-10-20 06:21:11,76632f1de0fca10f5f07f9c20e40233ecf8443fb3c9818e164ee0ccdd6abc023,4a44dc15364204a80fe80e9039455cc1608281820fe2b24f1e5233ade6af1dd5,신현* 
2021-10-19 15:49:02,f1e42019aecc858ffbcca7fddec511b761b474916fde37b1a6ff321a9b459330,c1221016fe10258d0b4ad03cf982569e4f27387a16351bfca1adb310af6ab43f,비회*
2021-10-19 15:11:10,98080a92329afcbb645cf503c4e803805ee3f42f614cdbeac9841edc2043f244,4a44dc15364204a80fe80e9039455cc1608281820fe2b24f1e5233ade6af1dd5,노원*
2021-10-19 11:18:09,f1e42019aecc858ffbcca7fddec511b761b474916fde37b1a6ff321a9b459330,eb789aa2cddf5cd849619437d8e068f787add727bec1a1cbecc087d5727269c7,비회*
2021-10-19 13:07:35,f1e42019aecc858ffbcca7fddec511b761b474916fde37b1a6ff321a9b459330,d4827b1e50ebde696ae3c6626a7718b5dbbffcee7f440beed536b44cf5c0eecc,비회*
2021-10-19 10:16:13,f1e42019aecc858ffbcca7fddec511b761b474916fde37b1a6ff321a9b459330,6900b35d5d99d0b12f2e43132c12913e6858d56eddfc42e19f77d94dfc775b95,비회*
2021-10-19 06:27:36,76632f1de0fca10f5f07f9c20e40233ecf8443fb3c9818e164ee0ccdd6abc023,4a44dc15364204a80fe80e9039455cc1608281820fe2b24f1e5233ade6af1dd5,신현* 
2021-10-18 16:51:31,f1e42019aecc858ffbcca7fddec511b761b474916fde37b1a6ff321a9b459330,6481975fac72db61b5fee34f981064ded23f756122723156da27593e6b38bff7,비회*
2021-10-19 08:38:41,f1e42019aecc858ffbcca7fddec511b761b474916fde37b1a6ff321a9b459330,69fa3cdd3b0794dea08628b0dc0f27e79fcc69da7f2a7b050445798e2d2f763c,비회*
2021-10-18 16:49:51,f1e42019aecc858ffbcca7fddec511b761b474916fde37b1a6ff321a9b459330,f88de1238976211d3126382582d8b86997d8ed04b153311c2b8ef5100efcd5c3,비회*
2021-10-18 13:34:24,f1e42019aecc858ffbcca7fddec511b761b474916fde37b1a6ff321a9b459330,5f7df5b9a0741469515f0c0d579d4b0f691557047a8268c9a13b9478160a7824,비회*
2021-10-18 14:28:37,f1e42019aecc858ffbcca7fddec511b761b474916fde37b1a6ff321a9b459330,a7f4115de1ed2e869769c595358868464bf22ac2be613ff5503f1c1aed3567b2,비회*
2021-10-18 10:53:23,f1e42019aecc858ffbcca7fddec511b761b474916fde37b1a6ff321a9b459330,365743dfa24cf48f561668876f00ebcff0529db1e4409882829e6e0a0da796d8,비회*
2021-10-18 08:10:04,05c40e260bdf46496e5fccf03ec498c717615af9271123544cebd8273cdccfd1,4a44dc15364204a80fe80e9039455cc1608281820fe2b24f1e5233ade6af1dd5,백현*
2021-10-18 09:56:53,98080a92329afcbb645cf503c4e803805ee3f42f614cdbeac9841edc2043f244,4a44dc15364204a80fe80e9039455cc1608281820fe2b24f1e5233ade6af1dd5,노원*
2021-10-18 09:37:40,0f75ac9705b0d7847df96d1dc5d744dec4d752e045afb79c78b2902b789d6adc,4a44dc15364204a80fe80e9039455cc1608281820fe2b24f1e5233ade6af1dd5,충전*****
2021-10-16 15:09:12,f1e42019aecc858ffbcca7fddec511b761b474916fde37b1a6ff321a9b459330,75501141d13e81ef6caa8dd10f330d3d2def1b3f8a1cb0f3d79a01d7a8771102,비회*
2021-10-17 13:17:54,4d3028213774ecaf476a12fa1f01b4a1faa16b56bbe1c7c493cefdea4fcb7bb5,4a44dc15364204a80fe80e9039455cc1608281820fe2b24f1e5233ade6af1dd5,이효*
2021-10-16 11:19:52,f1e42019aecc858ffbcca7fddec511b761b474916fde37b1a6ff321a9b459330,7fb20e27be8b05b994e2dc4f996965f624705f74f295ac9f92ae030fecc7edab,비회*
2021-10-16 08:25:46,98080a92329afcbb645cf503c4e803805ee3f42f614cdbeac9841edc2043f244,4a44dc15364204a80fe80e9039455cc1608281820fe2b24f1e5233ade6af1dd5,노원*
2021-10-15 22:28:40,f1e42019aecc858ffbcca7fddec511b761b474916fde37b1a6ff321a9b459330,780b87d04077b83cdd457f9375d1f298a152619ce611b4e51c62260cb4215ba4,비회*
2021-10-15 17:10:29,6be21e03ad77fade6101b53642500c706e8891bfc101befafe21048ed4853db3,4a44dc15364204a80fe80e9039455cc1608281820fe2b24f1e5233ade6af1dd5,김민*
2021-10-15 14:11:59,f1e42019aecc858ffbcca7fddec511b761b474916fde37b1a6ff321a9b459330,54a8181a4d709bf00cf2f3491d94e44dcde8184fae8d62f66a3e3aee0e690684,비회*
2021-10-15 08:26:32,f1e42019aecc858ffbcca7fddec511b761b474916fde37b1a6ff321a9b459330,3d6c0481ce90bb4ea40051c232c0a7de40658441dc77e90c4db083bcd6df554b,비회*
2021-10-15 06:28:01,76632f1de0fca10f5f07f9c20e40233ecf8443fb3c9818e164ee0ccdd6abc023,4a44dc15364204a80fe80e9039455cc1608281820fe2b24f1e5233ade6af1dd5,신현* 
2021-10-15 06:27:40,76632f1de0fca10f5f07f9c20e40233ecf8443fb3c9818e164ee0ccdd6abc023,4a44dc15364204a80fe80e9039455cc1608281820fe2b24f1e5233ade6af1dd5,신현* 
2021-10-14 20:41:36,98080a92329afcbb645cf503c4e803805ee3f42f614cdbeac9841edc2043f244,4a44dc15364204a80fe80e9039455cc1608281820fe2b24f1e5233ade6af1dd5,노원*
2021-10-14 18:56:12,f1e42019aecc858ffbcca7fddec511b761b474916fde37b1a6ff321a9b459330,bcd38924d682a83aaa670bc836ba8dd4f0d8e563bbac552264b85879f91f6ca6,비회*
2021-10-14 17:01:37,f1e42019aecc858ffbcca7fddec511b761b474916fde37b1a6ff321a9b459330,96cd4d6d725a12d92f2931c302040ce5a7f46772e453e6e00fa41188e9f20849,비회*
2021-10-14 12:04:01,a29f66499df540da97135353b26828c7758619e6d5c68b6a923d3611a5d67471,4a44dc15364204a80fe80e9039455cc1608281820fe2b24f1e5233ade6af1dd5,위용*
2021-10-14 12:01:39,a29f66499df540da97135353b26828c7758619e6d5c68b6a923d3611a5d67471,4a44dc15364204a80fe80e9039455cc1608281820fe2b24f1e5233ade6af1dd5,위용*
2021-10-14 08:22:12,f1e42019aecc858ffbcca7fddec511b761b474916fde37b1a6ff321a9b459330,0d75b73ee600be77cedf3c25e3ba67bc920f0d3df42063b40df9110702f9e9a8,비회*
2021-10-14 10:36:05,f1e42019aecc858ffbcca7fddec511b761b474916fde37b1a6ff321a9b459330,3d0af2c4e5d3515b267179bb0c65e81f0900d3ba85cd609cedfcaf4c915ab9b7,비회*
2021-10-13 19:30:32,4d3028213774ecaf476a12fa1f01b4a1faa16b56bbe1c7c493cefdea4fcb7bb5,4a44dc15364204a80fe80e9039455cc1608281820fe2b24f1e5233ade6af1dd5,이효*
2021-10-13 16:30:44,f1e42019aecc858ffbcca7fddec511b761b474916fde37b1a6ff321a9b459330,b3c81461510ce6290c07d6b797e5ef4d7a8b255d1124dfd15245d2edda44e104,비회*
2021-10-13 11:10:17,f1e42019aecc858ffbcca7fddec511b761b474916fde37b1a6ff321a9b459330,cf96a7356f0815df4b5402491a75cb81904fef7bf452253ac4c4b8d414f31a55,비회*
2021-10-13 13:40:05,f1e42019aecc858ffbcca7fddec511b761b474916fde37b1a6ff321a9b459330,d1b0eed1a2063085dc0f9fbd0da3264b52674c1ffb2876dd8c672153216289ae,비회*
2021-10-13 07:51:57,f1e42019aecc858ffbcca7fddec511b761b474916fde37b1a6ff321a9b459330,f2b36905b60c617062124fa5429cebf4553dab549b6ec0dc0f405eaf8f22289a,비회*
2021-10-12 19:36:41,98080a92329afcbb645cf503c4e803805ee3f42f614cdbeac9841edc2043f244,4a44dc15364204a80fe80e9039455cc1608281820fe2b24f1e5233ade6af1dd5,노원*
2021-10-12 17:10:03,f1e42019aecc858ffbcca7fddec511b761b474916fde37b1a6ff321a9b459330,6fdfb4143bb836f1fa263b657cb44a59099be4019c00536b8758cd222cc13278,비회*
2021-10-12 13:47:11,f1e42019aecc858ffbcca7fddec511b761b474916fde37b1a6ff321a9b459330,f96feef151b3619c8a7a603c119ff6503ef1eb2d5ee5820204592fdef31e9470,비회*
2021-10-12 15:16:29,f1e42019aecc858ffbcca7fddec511b761b474916fde37b1a6ff321a9b459330,50ddf505c4077db1ff762920a313ef6723e02d092de75780ddf056d99c936efd,비회*
2021-10-12 10:29:16,f1e42019aecc858ffbcca7fddec511b761b474916fde37b1a6ff321a9b459330,ba01d9499db3a72d24c802ca9cc56bc78638523fbd23c54df0b3f88a3896a229,비회*
2021-10-12 10:03:13,f1e42019aecc858ffbcca7fddec511b761b474916fde37b1a6ff321a9b459330,b37e264e4fcd0bc66e2ddef88fc9ed2fd1ef6861f0b991598f513157223c9e1e,비회*
2021-10-11 09:02:48,4d3028213774ecaf476a12fa1f01b4a1faa16b56bbe1c7c493cefdea4fcb7bb5,4a44dc15364204a80fe80e9039455cc1608281820fe2b24f1e5233ade6af1dd5,이효*
2021-10-12 07:32:37,f1e42019aecc858ffbcca7fddec511b761b474916fde37b1a6ff321a9b459330,925e700602340cf74f0ce8fc40fbf9af8d9278a4e8fdd63e302d883eb0336e3d,비회*
2021-10-08 20:19:47,8d5cbde6100e7c37ec3cf47d11518df271e4101d36ed55480fb8ab3b793558f2,4a44dc15364204a80fe80e9039455cc1608281820fe2b24f1e5233ade6af1dd5,이재*
2021-10-08 18:58:21,f1e42019aecc858ffbcca7fddec511b761b474916fde37b1a6ff321a9b459330,bfbb6782db401ef4b973272380a8cf208c44205250aaab9248026bfe8ff0e9a0,비회*
2021-10-08 13:09:27,f1e42019aecc858ffbcca7fddec511b761b474916fde37b1a6ff321a9b459330,fae825f811f1177dc440796223d161ccee0aecc62279ef1acf11e19f3a8d7054,비회*
2021-10-08 15:27:42,f1e42019aecc858ffbcca7fddec511b761b474916fde37b1a6ff321a9b459330,d20dd238016971f25e0d0bd5104de735059dc02e3ee1e2c6a91f87ab9961e96a,비회*
2021-10-08 13:02:56,f1e42019aecc858ffbcca7fddec511b761b474916fde37b1a6ff321a9b459330,a70800d18f03579b31e13b99d2375edf49babcacd86cd36a7fa75d6ccbe236e1,비회*
2021-10-08 09:43:57,f1e42019aecc858ffbcca7fddec511b761b474916fde37b1a6ff321a9b459330,01f532ca71f5ad54e0414bc2e328f70431e538336853eaa4fbc9fb0068e05dba,비회*
2021-10-07 19:48:33,f9d8ab269cf7b37d5700337a3f84397e3f0c5145c8411e0eac73fecd9c36eebe,4a44dc15364204a80fe80e9039455cc1608281820fe2b24f1e5233ade6af1dd5,허윤*
2021-10-07 17:48:27,f1e42019aecc858ffbcca7fddec511b761b474916fde37b1a6ff321a9b459330,b77fe57ef3ab6e559539e476aa71940e42df47b06998def9c561c7a56481f230,비회*
2021-10-07 16:48:05,f1e42019aecc858ffbcca7fddec511b761b474916fde37b1a6ff321a9b459330,7a474c15338f8f1794f514e8a75f3507076e000d90ca38a74c2db386c26759f5,비회*
2021-10-07 15:08:52,f1e42019aecc858ffbcca7fddec511b761b474916fde37b1a6ff321a9b459330,3ed40782e59554ced1a448ebb934d915e9d8af69d4adb920796db5668e3dc3a9,비회*
2021-10-07 12:40:00,76632f1de0fca10f5f07f9c20e40233ecf8443fb3c9818e164ee0ccdd6abc023,4a44dc15364204a80fe80e9039455cc1608281820fe2b24f1e5233ade6af1dd5,신현* 
2021-10-07 11:35:46,8d5cbde6100e7c37ec3cf47d11518df271e4101d36ed55480fb8ab3b793558f2,4a44dc15364204a80fe80e9039455cc1608281820fe2b24f1e5233ade6af1dd5,이재*
2021-10-06 16:48:04,f1e42019aecc858ffbcca7fddec511b761b474916fde37b1a6ff321a9b459330,f65d8b491d594c11d40e6bb91231da77de02dba6654fcfb63a59ebaf1b651b7c,비회*
2021-10-06 14:55:04,6be21e03ad77fade6101b53642500c706e8891bfc101befafe21048ed4853db3,4a44dc15364204a80fe80e9039455cc1608281820fe2b24f1e5233ade6af1dd5,김민*
2021-10-07 08:00:35,6699232090a0a9bf1cddbf83d1f72ee224a84c2c314847b0b2aacf2e416f1cbd,4a44dc15364204a80fe80e9039455cc1608281820fe2b24f1e5233ade6af1dd5,하연*
2021-10-06 14:43:15,f1e42019aecc858ffbcca7fddec511b761b474916fde37b1a6ff321a9b459330,f5b104369318aa8a460bb3f79bfa411869d68c340182f86bf411e7b0e5118c29,비회*
2021-10-06 13:41:53,f9d8ab269cf7b37d5700337a3f84397e3f0c5145c8411e0eac73fecd9c36eebe,4a44dc15364204a80fe80e9039455cc1608281820fe2b24f1e5233ade6af1dd5,허윤*
2021-10-06 11:36:02,98080a92329afcbb645cf503c4e803805ee3f42f614cdbeac9841edc2043f244,4a44dc15364204a80fe80e9039455cc1608281820fe2b24f1e5233ade6af1dd5,노원*
2021-10-06 09:41:24,f1e42019aecc858ffbcca7fddec511b761b474916fde37b1a6ff321a9b459330,b672c1ed9c16a12cd3294b6721113fdff3f68780373a9eec82bff1cb945a6e84,비회*
2021-10-06 08:36:43,4d3028213774ecaf476a12fa1f01b4a1faa16b56bbe1c7c493cefdea4fcb7bb5,4a44dc15364204a80fe80e9039455cc1608281820fe2b24f1e5233ade6af1dd5,이효*
2021-10-05 20:50:17,f1e42019aecc858ffbcca7fddec511b761b474916fde37b1a6ff321a9b459330,310b5a317e33492e24bb9140e0e5612e75f59a2ed89e5415a5953e7439189219,비회*
2021-10-06 08:35:37,4d3028213774ecaf476a12fa1f01b4a1faa16b56bbe1c7c493cefdea4fcb7bb5,4a44dc15364204a80fe80e9039455cc1608281820fe2b24f1e5233ade6af1dd5,이효*
2021-10-05 20:02:52,f1e42019aecc858ffbcca7fddec511b761b474916fde37b1a6ff321a9b459330,e39ec3b6b9326e5d2b97c63c6a779d477158cb90db059eff1a15a81c84012182,비회*
2021-10-05 18:12:10,f1e42019aecc858ffbcca7fddec511b761b474916fde37b1a6ff321a9b459330,6ab1d1a312b3d52e0ac20655d7dc33ef1418f81ec996d8fcccb894463b4cdc43,비회*
2021-10-05 16:55:47,f1e42019aecc858ffbcca7fddec511b761b474916fde37b1a6ff321a9b459330,2671f573a5579e4b524023e626975d548883bd94718f8664ee0664e5100c75d9,비회*
2021-10-05 15:38:32,f1e42019aecc858ffbcca7fddec511b761b474916fde37b1a6ff321a9b459330,d286033227ffebb5454c5a68bc0c5b1e4c61ec9273a279364b25a535b1fafe08,비회*
2021-10-05 07:46:15,f1e42019aecc858ffbcca7fddec511b761b474916fde37b1a6ff321a9b459330,a85af03f5ad24808bf991e01a4286618b6e8e1cb6e0ba69d4b720d84331fff19,비회*
2021-10-04 10:54:53,f1e42019aecc858ffbcca7fddec511b761b474916fde37b1a6ff321a9b459330,8cb2adcd58426e8952a2efb6feb3404a934ffb457aad9636942f69c94c134f23,비회*
2021-10-05 06:36:35,f1e42019aecc858ffbcca7fddec511b761b474916fde37b1a6ff321a9b459330,9ff9ebf806e0247cacc1d3acb60b99b3848d1fe0909502440bca13f593570858,비회*
2021-10-02 13:32:47,0f75ac9705b0d7847df96d1dc5d744dec4d752e045afb79c78b2902b789d6adc,4a44dc15364204a80fe80e9039455cc1608281820fe2b24f1e5233ade6af1dd5,충전*****
2021-10-02 10:46:35,f1e42019aecc858ffbcca7fddec511b761b474916fde37b1a6ff321a9b459330,9ef272b0f40bfce7f5891e040b8a48f5406a2e09f4453f3efd20bda48639e1b3,비회*
2021-10-02 06:26:23,76632f1de0fca10f5f07f9c20e40233ecf8443fb3c9818e164ee0ccdd6abc023,4a44dc15364204a80fe80e9039455cc1608281820fe2b24f1e5233ade6af1dd5,신현* 
2021-10-01 22:20:58,f1e42019aecc858ffbcca7fddec511b761b474916fde37b1a6ff321a9b459330,6fddbe60b8713a6eaea3d739523151737670e642e0db855d69c1f4deb9d16253,비회*
2021-10-02 06:25:57,76632f1de0fca10f5f07f9c20e40233ecf8443fb3c9818e164ee0ccdd6abc023,4a44dc15364204a80fe80e9039455cc1608281820fe2b24f1e5233ade6af1dd5,신현* 
2021-10-01 17:00:07,f1e42019aecc858ffbcca7fddec511b761b474916fde37b1a6ff321a9b459330,48d08a52a1d668d524f9976f02a6f636be1b9cdf1a23fbd30aa140dc565e5f03,비회*
2021-10-01 14:38:56,f1e42019aecc858ffbcca7fddec511b761b474916fde37b1a6ff321a9b459330,c935d991a0f2761effde0e431d5899579281f45ba2567f2bb40b72db708a2ee9,비회*
2021-10-01 07:30:05,f1e42019aecc858ffbcca7fddec511b761b474916fde37b1a6ff321a9b459330,bf0aae926f744b22fe5576771d98f2bb782ee0525aea1248e6e2b14c8fef3cea,비회*
2021-10-01 09:14:45,f1e42019aecc858ffbcca7fddec511b761b474916fde37b1a6ff321a9b459330,ecb47bc460fb7227cd49addbfd8b6529b2fab180cc31981df476fe42f107dbec,비회*
2021-11-30 18:07:11,f1e42019aecc858ffbcca7fddec511b761b474916fde37b1a6ff321a9b459330,3c926247eacff4c279e50723187376807e5033af1354985a64d2bf8e240146a4,비회*
2021-11-30 16:47:56,f1e42019aecc858ffbcca7fddec511b761b474916fde37b1a6ff321a9b459330,04e50415607bc4154903fa7135e10267e43fbd3cc8c8e046a3954988051dff63,비회*
2021-11-30 15:53:01,f1e42019aecc858ffbcca7fddec511b761b474916fde37b1a6ff321a9b459330,1681e2e21cef793a3836ad38244eca3f223876386d8f5bdc87cdaad1ad7008eb,비회*
2021-11-30 16:32:33,f1e42019aecc858ffbcca7fddec511b761b474916fde37b1a6ff321a9b459330,22e7ad78a055384de8f1b8a174519c3357564bf641994f8897a9dfca2ca02f15,비회*
2021-11-30 15:35:32,f1e42019aecc858ffbcca7fddec511b761b474916fde37b1a6ff321a9b459330,e62c4d0078fa5ea68b7a0664a96320d3307e26d8fd3ea2f57b951903313e0aa0,비회*
2021-11-30 10:03:21,308f4d06eefb511c4e9593074c1a398fb3c25998cb27cf0f6f73cf17260137d6,4a44dc15364204a80fe80e9039455cc1608281820fe2b24f1e5233ade6af1dd5,엄현*
2021-11-30 08:01:23,f1e42019aecc858ffbcca7fddec511b761b474916fde37b1a6ff321a9b459330,0851d6dfba5555c34a362de0d88b04c50800897a4ef44bd14ee1cad58142fa20,비회*
2021-11-30 05:57:08,f1e42019aecc858ffbcca7fddec511b761b474916fde37b1a6ff321a9b459330,a445c9bdf04adace345fd66cf93453f9d4390ea5a006ba8ce1fcde3dd475c4dd,비회*
2021-11-29 22:20:02,f1e42019aecc858ffbcca7fddec511b761b474916fde37b1a6ff321a9b459330,2463036b9f7383f1a9f8a120d88888186856f0433de80f58ef22c2eb566eae6d,비회*
2021-11-30 14:50:21,0f75ac9705b0d7847df96d1dc5d744dec4d752e045afb79c78b2902b789d6adc,4a44dc15364204a80fe80e9039455cc1608281820fe2b24f1e5233ade6af1dd5,충전*****
2021-11-29 16:34:17,f1e42019aecc858ffbcca7fddec511b761b474916fde37b1a6ff321a9b459330,bfd05a4c67f49c9987c34f6a905d447485dd56c58a8c6c36a7b341526e44636d,비회*
2021-11-29 13:01:40,98080a92329afcbb645cf503c4e803805ee3f42f614cdbeac9841edc2043f244,4a44dc15364204a80fe80e9039455cc1608281820fe2b24f1e5233ade6af1dd5,노원*
2021-11-29 10:46:36,f1e42019aecc858ffbcca7fddec511b761b474916fde37b1a6ff321a9b459330,d6c36e8c96a72c98e1fa703780e1834c6be29dba2d7cc77bd2509ed50eab718f,비회*
2021-11-29 09:20:11,f1e42019aecc858ffbcca7fddec511b761b474916fde37b1a6ff321a9b459330,8bc185f037d77f40b39246703a8a2717f426aacb4e4bf401d55bdb98a5a87300,비회*
2021-11-29 08:15:46,f1e42019aecc858ffbcca7fddec511b761b474916fde37b1a6ff321a9b459330,c994cffd28c7d39dd8545ee34beb7791179be61e8c3e390c10a87f07f1623cba,비회*
2021-11-27 15:06:05,f1e42019aecc858ffbcca7fddec511b761b474916fde37b1a6ff321a9b459330,60631fd798b49d9e2a7a27b42407bd750c120eb39dbdefa37241e7c6c6cbd7d2,비회*
2021-11-29 06:32:47,76632f1de0fca10f5f07f9c20e40233ecf8443fb3c9818e164ee0ccdd6abc023,4a44dc15364204a80fe80e9039455cc1608281820fe2b24f1e5233ade6af1dd5,신현* 
2021-11-27 09:19:11,f1e42019aecc858ffbcca7fddec511b761b474916fde37b1a6ff321a9b459330,8e78145e5ca2992fff4d470032fedfa25e28cae3b76803c679a290a22834487d,비회*
2021-11-26 22:49:06,f1e42019aecc858ffbcca7fddec511b761b474916fde37b1a6ff321a9b459330,0b1cf7e07d5b00b48714cad365e8a5366141bdbf8552d096568850f55aa73920,비회*
2021-11-26 20:52:34,f1e42019aecc858ffbcca7fddec511b761b474916fde37b1a6ff321a9b459330,f402869c9ab61c08322fce42a77684385718d22e8cb41119067105ec02b9a633,비회*
2021-11-26 14:40:18,f1e42019aecc858ffbcca7fddec511b761b474916fde37b1a6ff321a9b459330,e8108092a5f38d8f51bf39e3f3fd587e4a227130ae7909c935ca3cdb159c1347,비회*
2021-11-26 10:16:31,98080a92329afcbb645cf503c4e803805ee3f42f614cdbeac9841edc2043f244,4a44dc15364204a80fe80e9039455cc1608281820fe2b24f1e5233ade6af1dd5,노원*
2021-11-26 09:14:24,f1e42019aecc858ffbcca7fddec511b761b474916fde37b1a6ff321a9b459330,b4009637c842a4422beb987c4d759fba85ccdd0213e2224869cca6fd591a6810,비회*
2021-11-26 07:52:54,f1e42019aecc858ffbcca7fddec511b761b474916fde37b1a6ff321a9b459330,80275223539b79a187b969d3a1ed2719ce68e418193e61da827f6d3590c0bd8c,비회*
2021-11-26 06:33:46,76632f1de0fca10f5f07f9c20e40233ecf8443fb3c9818e164ee0ccdd6abc023,4a44dc15364204a80fe80e9039455cc1608281820fe2b24f1e5233ade6af1dd5,신현* 
2021-11-25 20:13:59,f1e42019aecc858ffbcca7fddec511b761b474916fde37b1a6ff321a9b459330,6a5337602e0c8059f186274cf443dbba8b7ee5be89407e8defc9a5528aa1634a,비회*
2021-11-25 22:24:46,f1e42019aecc858ffbcca7fddec511b761b474916fde37b1a6ff321a9b459330,2368802f9f7f2538034813faade57f361d05175b22dcc328c3e6da14133a5dc0,비회*
2021-11-25 17:18:29,0f75ac9705b0d7847df96d1dc5d744dec4d752e045afb79c78b2902b789d6adc,4a44dc15364204a80fe80e9039455cc1608281820fe2b24f1e5233ade6af1dd5,충전*****
2021-11-25 16:33:50,f1e42019aecc858ffbcca7fddec511b761b474916fde37b1a6ff321a9b459330,43b2564e9a93ab4a34f44bafb64483625f5835b98453757740eb049df2676677,비회*
2021-11-25 14:29:14,f1e42019aecc858ffbcca7fddec511b761b474916fde37b1a6ff321a9b459330,8f2bd0fc90126dd8ae1570fbf6369d7d27009de72f8383d0e2f4628e9e0f5c4e,비회*
2021-11-25 10:43:59,f1e42019aecc858ffbcca7fddec511b761b474916fde37b1a6ff321a9b459330,92119e267c33cdf98635ad7918b0706dc63172a9dd29d757327ab31a61e58b0a,비회*
2021-11-25 08:40:15,f9d8ab269cf7b37d5700337a3f84397e3f0c5145c8411e0eac73fecd9c36eebe,4a44dc15364204a80fe80e9039455cc1608281820fe2b24f1e5233ade6af1dd5,허윤*
2021-11-25 08:28:21,f6971ca641816e297dec2eaf8dcacbe0c902ea72f11d5480f5c4dbe8c1b08c78,4a44dc15364204a80fe80e9039455cc1608281820fe2b24f1e5233ade6af1dd5,허석*
2021-11-25 08:39:41,f9d8ab269cf7b37d5700337a3f84397e3f0c5145c8411e0eac73fecd9c36eebe,4a44dc15364204a80fe80e9039455cc1608281820fe2b24f1e5233ade6af1dd5,허윤*
2021-11-25 07:46:17,f1e42019aecc858ffbcca7fddec511b761b474916fde37b1a6ff321a9b459330,53edd9123c1af8826b9389731b99fd909b681e8a07f0ff5c41c764101e1fbd0d,비회*
2021-11-24 20:47:19,f1e42019aecc858ffbcca7fddec511b761b474916fde37b1a6ff321a9b459330,321a669259b3f6b97437d340d471a64f0c8282e2771d94a3727c7d7c8d9e4e5a,비회*
2021-11-24 18:51:32,6699232090a0a9bf1cddbf83d1f72ee224a84c2c314847b0b2aacf2e416f1cbd,4a44dc15364204a80fe80e9039455cc1608281820fe2b24f1e5233ade6af1dd5,하연*
2021-11-24 17:25:46,308f4d06eefb511c4e9593074c1a398fb3c25998cb27cf0f6f73cf17260137d6,4a44dc15364204a80fe80e9039455cc1608281820fe2b24f1e5233ade6af1dd5,엄현*
2021-11-24 16:48:40,76632f1de0fca10f5f07f9c20e40233ecf8443fb3c9818e164ee0ccdd6abc023,4a44dc15364204a80fe80e9039455cc1608281820fe2b24f1e5233ade6af1dd5,신현* 
2021-11-24 13:03:41,f1e42019aecc858ffbcca7fddec511b761b474916fde37b1a6ff321a9b459330,5a9ade12d5f7f19f6e95b80fb575b1d68142ad8367efe73846d0ccad2b948b14,비회*
2021-11-24 11:33:57,f1e42019aecc858ffbcca7fddec511b761b474916fde37b1a6ff321a9b459330,65c3bbc70086a06757b03dd6d866fd2301a8883991f105c8081e3a851564c9e2,비회*
2021-11-24 08:08:31,6be21e03ad77fade6101b53642500c706e8891bfc101befafe21048ed4853db3,4a44dc15364204a80fe80e9039455cc1608281820fe2b24f1e5233ade6af1dd5,김민*
2021-11-24 06:04:35,76632f1de0fca10f5f07f9c20e40233ecf8443fb3c9818e164ee0ccdd6abc023,4a44dc15364204a80fe80e9039455cc1608281820fe2b24f1e5233ade6af1dd5,신현* 
2021-11-23 15:20:39,f1e42019aecc858ffbcca7fddec511b761b474916fde37b1a6ff321a9b459330,067cdea638a5791e8dcad93ce4a12d50cf2f5054fbe04a7fcb221ce677d7d863,비회*
2021-11-23 15:02:30,f1e42019aecc858ffbcca7fddec511b761b474916fde37b1a6ff321a9b459330,92455f5b463310dc5af6d300530ede51cd2c6842f3e128752737fe5b0d415646,비회*
2021-11-23 14:59:26,f1e42019aecc858ffbcca7fddec511b761b474916fde37b1a6ff321a9b459330,7162e22bc28814de29dde4a099a48002cb86cbb036271342925b361b6837ba08,비회*
2021-11-23 14:54:27,f1e42019aecc858ffbcca7fddec511b761b474916fde37b1a6ff321a9b459330,786bb1387d395acd54acd7a6257035a87b187e52bf030f3c01b7b5131662bcd8,비회*
2021-11-23 14:51:13,f1e42019aecc858ffbcca7fddec511b761b474916fde37b1a6ff321a9b459330,b57878d4a2e5d3eb7e2fbf59ca637754faa02f84562b4e4c34b7c660c1aedc1e,비회*
2021-11-23 14:48:22,f1e42019aecc858ffbcca7fddec511b761b474916fde37b1a6ff321a9b459330,acc09149caf01d2c547772c532d850aedde934517f2878ff02fbac549a1c1862,비회*
2021-11-23 14:45:47,f1e42019aecc858ffbcca7fddec511b761b474916fde37b1a6ff321a9b459330,5eaadf354e14916de83dbb40f66486e64fcb0889d6c63c61e570f309c417c711,비회*
2021-11-23 12:03:02,f1e42019aecc858ffbcca7fddec511b761b474916fde37b1a6ff321a9b459330,c12d5dc3d80819786fc4f0288caddf9f489f35522f83ad44813ff1ae4fc81ed3,비회*
2021-11-23 10:29:21,f1e42019aecc858ffbcca7fddec511b761b474916fde37b1a6ff321a9b459330,2d65c91c4a2b13883084a58e1e78ed097ad42de1469ef6f9994019341e88148a,비회*
2021-11-23 09:37:00,f1e42019aecc858ffbcca7fddec511b761b474916fde37b1a6ff321a9b459330,f028041e8032fcdb248e9a46fca139112e6b422af2820c9982639aefa1f2ba89,비회*
2021-11-23 07:50:15,f1e42019aecc858ffbcca7fddec511b761b474916fde37b1a6ff321a9b459330,1fbcbb959badf09a6158527f5ab5808087d5d488ca42af9b5d5ee30614684fe5,비회*
2021-11-23 08:46:41,308f4d06eefb511c4e9593074c1a398fb3c25998cb27cf0f6f73cf17260137d6,4a44dc15364204a80fe80e9039455cc1608281820fe2b24f1e5233ade6af1dd5,엄현*
2021-11-23 06:23:40,f1e42019aecc858ffbcca7fddec511b761b474916fde37b1a6ff321a9b459330,e74a876f2b7f47877d86e23261b97bf16e61c65ebc2555e14c23e9558e3d815a,비회*
2021-11-22 20:32:12,042460f442d68e7fd3e789180a47c07fcf1a71ba687516b50c3f98af8bfb1e29,4a44dc15364204a80fe80e9039455cc1608281820fe2b24f1e5233ade6af1dd5,정희*
2021-11-22 17:07:35,6be21e03ad77fade6101b53642500c706e8891bfc101befafe21048ed4853db3,4a44dc15364204a80fe80e9039455cc1608281820fe2b24f1e5233ade6af1dd5,김민*
2021-11-22 14:57:12,f1e42019aecc858ffbcca7fddec511b761b474916fde37b1a6ff321a9b459330,cc8d08a437f44b82c20395450ec12c966d2a16aa4aaac12323713a8d7773484c,비회*
2021-11-22 13:12:21,f1e42019aecc858ffbcca7fddec511b761b474916fde37b1a6ff321a9b459330,150c4b6d4fd6a89d85e577158847ff5e4e56e35bdbf257118f432af37594525c,비회*
2021-11-22 10:14:22,f1e42019aecc858ffbcca7fddec511b761b474916fde37b1a6ff321a9b459330,67cf4a8a86ea83e60dde9bcb05ac070f6cd1713cdfae4d2c0664bf5c257c33d6,비회*
2021-11-22 09:36:57,05c40e260bdf46496e5fccf03ec498c717615af9271123544cebd8273cdccfd1,4a44dc15364204a80fe80e9039455cc1608281820fe2b24f1e5233ade6af1dd5,백현*
2021-11-22 09:36:13,05c40e260bdf46496e5fccf03ec498c717615af9271123544cebd8273cdccfd1,4a44dc15364204a80fe80e9039455cc1608281820fe2b24f1e5233ade6af1dd5,백현*
2021-11-22 08:43:10,f9d8ab269cf7b37d5700337a3f84397e3f0c5145c8411e0eac73fecd9c36eebe,4a44dc15364204a80fe80e9039455cc1608281820fe2b24f1e5233ade6af1dd5,허윤*
2021-11-22 07:41:07,f1e42019aecc858ffbcca7fddec511b761b474916fde37b1a6ff321a9b459330,db68cfe83a142a84415dc23972e2e195da4910f0e2ea27272f0a21bca202747d,비회*
2021-11-20 11:32:11,f1e42019aecc858ffbcca7fddec511b761b474916fde37b1a6ff321a9b459330,434c39ec74f4a124a2f740ebea0d3bdefae161916414b68084f43f49b1e48eab,비회*
2021-11-20 10:43:06,f1e42019aecc858ffbcca7fddec511b761b474916fde37b1a6ff321a9b459330,bec7ef269829d62686aa43b7c075769200f498fde3c27f45cec7a42d6b18ddc4,비회*
2021-11-19 23:09:35,f1e42019aecc858ffbcca7fddec511b761b474916fde37b1a6ff321a9b459330,6bfea08e09146c9e43187611ba6b2897b5781f3c093a00257352cd564de4ff4d,비회*
2021-11-19 21:31:33,f1e42019aecc858ffbcca7fddec511b761b474916fde37b1a6ff321a9b459330,704828058bc9a4d5db0c5402103721afe452e23d3ad20c8a707b40e51c836dec,비회*
2021-11-19 17:43:14,f1e42019aecc858ffbcca7fddec511b761b474916fde37b1a6ff321a9b459330,40d70b1e317438da366678948e1c893d365581743cb94b3ce4c3e71d2d17edf3,비회*
2021-11-19 15:22:53,f1e42019aecc858ffbcca7fddec511b761b474916fde37b1a6ff321a9b459330,edc2b4fd889066bd928180a5adf4fb7401353085f31a714ded1fc3098c37dee5,비회*
2021-11-19 13:52:52,f1e42019aecc858ffbcca7fddec511b761b474916fde37b1a6ff321a9b459330,d2bfc5ba0411d785e8a93f707a93f76cf60436dafd406e9c4478fff3e643f88d,비회*
2021-11-19 12:23:45,f1e42019aecc858ffbcca7fddec511b761b474916fde37b1a6ff321a9b459330,5505484688ebd22d21d634da1bdac5eb0165f9901811a6ae5bd2e1c902542ef3,비회*
2021-11-19 10:18:26,f1e42019aecc858ffbcca7fddec511b761b474916fde37b1a6ff321a9b459330,70631453596e5f58377c44ea886d047955418f76e24ec2f42ed28506095adf1b,비회*
2021-11-19 08:46:41,308f4d06eefb511c4e9593074c1a398fb3c25998cb27cf0f6f73cf17260137d6,4a44dc15364204a80fe80e9039455cc1608281820fe2b24f1e5233ade6af1dd5,엄현*
2021-11-19 07:57:45,f1e42019aecc858ffbcca7fddec511b761b474916fde37b1a6ff321a9b459330,75b255e186b1af3f00315a8efa67f01c49032c48cf93fd09b3960d3952321f30,비회*
2021-11-19 05:31:45,f1e42019aecc858ffbcca7fddec511b761b474916fde37b1a6ff321a9b459330,d64e5685cfec9df87ab28be179f73591cde8900f146577c1ffc02928f81a67b2,비회*
2021-11-17 20:11:32,f1e42019aecc858ffbcca7fddec511b761b474916fde37b1a6ff321a9b459330,909ca376ea1f152d252e522217c18b588c2bc3ca69ad3c7f3f4aa08f79bf3ac9,비회*
2021-11-17 17:30:36,f1e42019aecc858ffbcca7fddec511b761b474916fde37b1a6ff321a9b459330,77eca5cf28cd949141039218a9949cbae7e44faab85d04ae70942c4f1521b8ec,비회*
2021-11-18 09:05:42,0f75ac9705b0d7847df96d1dc5d744dec4d752e045afb79c78b2902b789d6adc,4a44dc15364204a80fe80e9039455cc1608281820fe2b24f1e5233ade6af1dd5,충전*****
2021-11-17 13:45:49,f1e42019aecc858ffbcca7fddec511b761b474916fde37b1a6ff321a9b459330,7101dee4ee583cc746bd3b638ada075fa94fddb0574b1392ccec75049665456e,비회*
2021-11-17 14:40:24,f1e42019aecc858ffbcca7fddec511b761b474916fde37b1a6ff321a9b459330,751c261a6b2568ac060afce811cd47ea67e4ddc67fbe572b780e7f6f948904dd,비회*
2021-11-17 15:50:03,f1e42019aecc858ffbcca7fddec511b761b474916fde37b1a6ff321a9b459330,c7fed4c908bde0a3dee14b826ccbcf6e5d7c72a1362e6187dd5bdb9723b45b0e,비회*
2021-11-17 12:59:59,f1e42019aecc858ffbcca7fddec511b761b474916fde37b1a6ff321a9b459330,7cc8cb2d91e4c330ec041f9b28d2d39195c49ff3e4c9b8fb13a77c5720e5715f,비회*
2021-11-17 05:24:28,f1e42019aecc858ffbcca7fddec511b761b474916fde37b1a6ff321a9b459330,0434354c6b8a04b137070843c0ae5f1257a1cabf6417c9878e2c45dcec7f3470,비회*
2021-11-17 09:54:40,f1e42019aecc858ffbcca7fddec511b761b474916fde37b1a6ff321a9b459330,f24e5fb8340faaef6d57bb488634c49cfffb504e2a5646495522aafc558a65f3,비회*
2021-11-16 22:22:22,f1e42019aecc858ffbcca7fddec511b761b474916fde37b1a6ff321a9b459330,86e4a414cf382b19e7b67e203ebbc961257f2ffffe8f2a4b3d31523a06127a94,비회*
2021-11-16 19:07:33,6699232090a0a9bf1cddbf83d1f72ee224a84c2c314847b0b2aacf2e416f1cbd,4a44dc15364204a80fe80e9039455cc1608281820fe2b24f1e5233ade6af1dd5,하연*
2021-11-16 18:19:37,f1e42019aecc858ffbcca7fddec511b761b474916fde37b1a6ff321a9b459330,080f99d8c56336fbe867e262e248f98d7558a8f1d723be79e6e7dd815e476715,비회*
2021-11-16 17:31:30,f1e42019aecc858ffbcca7fddec511b761b474916fde37b1a6ff321a9b459330,127a478e5e1e319062a860fa81a38762b42fde035a45fbaef007c69da5cec5c1,비회*
2021-11-16 15:47:52,689208f42f977ad58cac29cef96654a4932dcf68d77d035dd70d601136e02d79,4a44dc15364204a80fe80e9039455cc1608281820fe2b24f1e5233ade6af1dd5,장현*
2021-11-16 14:35:28,f1e42019aecc858ffbcca7fddec511b761b474916fde37b1a6ff321a9b459330,2e32e4c4a2eb921951351d5296f37ef112fef13cf50d02617e5542642c8bcc5d,비회*
2021-11-16 12:57:33,f1e42019aecc858ffbcca7fddec511b761b474916fde37b1a6ff321a9b459330,683d498f546ebb9ffdf7bb6393257dfb86cfc090492b75f2e55be7876a806626,비회*
2021-11-16 10:04:51,f1e42019aecc858ffbcca7fddec511b761b474916fde37b1a6ff321a9b459330,45d7f2520c5425b57d99a56952a629d21863b6c91249023f40095f149d97ffe5,비회*
2021-11-16 10:04:38,f1e42019aecc858ffbcca7fddec511b761b474916fde37b1a6ff321a9b459330,5cc1d03b14401bc143020991194573e9a56aea6f8eec2fc9c01cbde580021e67,비회*
2021-11-15 19:36:33,f1e42019aecc858ffbcca7fddec511b761b474916fde37b1a6ff321a9b459330,414115192f414dd61f371f6c7deac3106fc545960b6e0012ce8480ee7ce6c564,비회*
2021-11-15 19:34:34,308f4d06eefb511c4e9593074c1a398fb3c25998cb27cf0f6f73cf17260137d6,4a44dc15364204a80fe80e9039455cc1608281820fe2b24f1e5233ade6af1dd5,엄현*
2021-11-16 08:02:32,f1e42019aecc858ffbcca7fddec511b761b474916fde37b1a6ff321a9b459330,453f9deca56ebbe6df91b4f154d4eb30123992085dafdf9571bfe736d2f122f8,비회*
2021-11-15 18:46:36,f1e42019aecc858ffbcca7fddec511b761b474916fde37b1a6ff321a9b459330,486c06bbc10e47fdcb984c1b30ba243ad1a53038706651706939ff54a02d15a8,비회*
2021-11-15 16:31:47,f1e42019aecc858ffbcca7fddec511b761b474916fde37b1a6ff321a9b459330,d2ba4cae1ad917d5fd03804a4ae20c0cc739bdba356183049cca320694ead8e6,비회*
2021-11-15 10:32:04,f1e42019aecc858ffbcca7fddec511b761b474916fde37b1a6ff321a9b459330,d2aeb76b44b9196dcc9519a7ce409205f6ad89d61942bae455720d11fb325204,비회*
2021-11-15 08:26:59,f1e42019aecc858ffbcca7fddec511b761b474916fde37b1a6ff321a9b459330,90a0bf3ba5f76c6be870fa7e976a775a6d36e4846d662eb064b4e8f5f7f91fba,비회*
2021-11-15 07:32:25,f1e42019aecc858ffbcca7fddec511b761b474916fde37b1a6ff321a9b459330,d74fad6e116ac96a68636e11312e9206e38f7d02e4de091349c56f5385200f97,비회*
2021-11-15 05:27:58,f1e42019aecc858ffbcca7fddec511b761b474916fde37b1a6ff321a9b459330,db349e312098b5caae1f44cf3bcdceffc45fdfb00c34d4377a3ff4c933c9f2ac,비회*
2021-11-14 13:49:02,f1e42019aecc858ffbcca7fddec511b761b474916fde37b1a6ff321a9b459330,fa9219932c5cd88f201c996a3945beaf05a6dd4d1884fc7d3474a41fe726db69,비회*
2021-11-14 14:40:17,f1e42019aecc858ffbcca7fddec511b761b474916fde37b1a6ff321a9b459330,0eb169d229a7123b3bb2f9afe140fa16bee58f644cba275b679e93fe5009a1d9,비회*
2021-11-13 16:55:27,98080a92329afcbb645cf503c4e803805ee3f42f614cdbeac9841edc2043f244,4a44dc15364204a80fe80e9039455cc1608281820fe2b24f1e5233ade6af1dd5,노원*
2021-11-12 23:26:00,f1e42019aecc858ffbcca7fddec511b761b474916fde37b1a6ff321a9b459330,b687f53c5084ac8f1ffa17df915cf05fb1c4d4b70d6501bcbfa174aa141da025,비회*
2021-11-12 23:13:58,f1e42019aecc858ffbcca7fddec511b761b474916fde37b1a6ff321a9b459330,5f394cfa9c6f14eb603fe850c17b5e89573a08d7254bf6bd49ebd668a5ccedd8,비회*
2021-11-13 10:22:32,0f75ac9705b0d7847df96d1dc5d744dec4d752e045afb79c78b2902b789d6adc,4a44dc15364204a80fe80e9039455cc1608281820fe2b24f1e5233ade6af1dd5,충전*****
2021-11-12 16:57:13,6be21e03ad77fade6101b53642500c706e8891bfc101befafe21048ed4853db3,4a44dc15364204a80fe80e9039455cc1608281820fe2b24f1e5233ade6af1dd5,김민*
2021-11-12 18:37:43,98080a92329afcbb645cf503c4e803805ee3f42f614cdbeac9841edc2043f244,4a44dc15364204a80fe80e9039455cc1608281820fe2b24f1e5233ade6af1dd5,노원*
2021-11-12 15:45:51,f1e42019aecc858ffbcca7fddec511b761b474916fde37b1a6ff321a9b459330,1b6ba8c482bd872099d9a85527ef041b78a463c80c2a6b65eca11d2a90d49a09,비회*
2021-11-12 12:50:28,f1e42019aecc858ffbcca7fddec511b761b474916fde37b1a6ff321a9b459330,7f0b2d60e310c2ee3200eed94a3572c12a32faaf64f28a6255966be374febf2e,비회*
2021-11-12 12:51:23,f1e42019aecc858ffbcca7fddec511b761b474916fde37b1a6ff321a9b459330,56444add766d13b6858b06e51e25b4ed9a6e4980c6ce3eddae11f5500b7e742f,비회*
2021-11-12 14:25:19,f1e42019aecc858ffbcca7fddec511b761b474916fde37b1a6ff321a9b459330,454c29702a6b2040945da0400f7bd1a11c1095033c21ba7ab0c4c5c59a8c2952,비회*
2021-11-12 07:36:19,f1e42019aecc858ffbcca7fddec511b761b474916fde37b1a6ff321a9b459330,d104601149f73cf78f1dcb5d0824c3b5acc981e45ea6a264d1e638698b96064f,비회*
2021-11-12 10:36:27,8d5cbde6100e7c37ec3cf47d11518df271e4101d36ed55480fb8ab3b793558f2,4a44dc15364204a80fe80e9039455cc1608281820fe2b24f1e5233ade6af1dd5,이재*
2021-11-12 08:14:00,f1e42019aecc858ffbcca7fddec511b761b474916fde37b1a6ff321a9b459330,22fdfb232393d027a62a858372cd4d5cabaa5ff75213e145fe4a0442163843a2,비회*
2021-11-12 05:44:56,f1e42019aecc858ffbcca7fddec511b761b474916fde37b1a6ff321a9b459330,54d5c84db30f06b8e78a521ce9a22395dfda6f98fbbfdaeb1a59bc07bdd5063d,비회*
2021-11-11 21:52:56,f1e42019aecc858ffbcca7fddec511b761b474916fde37b1a6ff321a9b459330,8796fa591e234b7ecd027beca649231c5223a3c67d2d98e50d2cca82cbc1d2ec,비회*
2021-11-11 19:40:41,f1e42019aecc858ffbcca7fddec511b761b474916fde37b1a6ff321a9b459330,ebf08146aa5a9a31e3125c58ea2eec50ecf45c9a4bb5ff0b8017a91653f7a02c,비회*
2021-11-11 17:16:54,308f4d06eefb511c4e9593074c1a398fb3c25998cb27cf0f6f73cf17260137d6,4a44dc15364204a80fe80e9039455cc1608281820fe2b24f1e5233ade6af1dd5,엄현*
2021-11-11 17:06:19,f1e42019aecc858ffbcca7fddec511b761b474916fde37b1a6ff321a9b459330,9064ab9668a0abdc15b0799f2fe429dee606f7d9b5121ab54d4437f9adb792ae,비회*
2021-11-11 14:51:21,f1e42019aecc858ffbcca7fddec511b761b474916fde37b1a6ff321a9b459330,de8200ad83d8eff61f86c113bc3c220f04736d87c4fa5dd18a86b9ceccf00305,비회*
2021-11-11 14:49:39,f1e42019aecc858ffbcca7fddec511b761b474916fde37b1a6ff321a9b459330,e1fee1cc7fddec4bcc4d82e8ad8e62b43c1471ced393fb48fcf121daaacbdf6e,비회*
2021-11-11 11:44:11,a52c47dc72709befa1731d1a2690668b2409923b078d3f9aff4d118182907cc5,4a44dc15364204a80fe80e9039455cc1608281820fe2b24f1e5233ade6af1dd5,김정*
2021-11-11 08:39:23,98080a92329afcbb645cf503c4e803805ee3f42f614cdbeac9841edc2043f244,4a44dc15364204a80fe80e9039455cc1608281820fe2b24f1e5233ade6af1dd5,노원*
2021-11-11 07:39:15,f1e42019aecc858ffbcca7fddec511b761b474916fde37b1a6ff321a9b459330,cb271ef2b590b038cfc8d2289a3b5bac2e2700cc972b2c1dd612a38d00ed720e,비회*
2021-11-10 16:22:52,f1e42019aecc858ffbcca7fddec511b761b474916fde37b1a6ff321a9b459330,835f74a13a079f80cf1148ae403f0540f5d6bca699caf7201a31ad70502d1004,비회*
2021-11-10 18:45:03,f1e42019aecc858ffbcca7fddec511b761b474916fde37b1a6ff321a9b459330,7bea817e0392395fe32cbecdf079281fae83b02f626edbe508f15e5b04f15f70,비회*
2021-11-10 14:59:43,f1e42019aecc858ffbcca7fddec511b761b474916fde37b1a6ff321a9b459330,a0df5d7c15e33288095b0136f7674c4e4fba624dfdb46f359337bac774d487bb,비회*
2021-11-10 14:55:58,f1e42019aecc858ffbcca7fddec511b761b474916fde37b1a6ff321a9b459330,f9ef9329df41fc4d4be3fc2d3d93782115f76dfd0c9957b5b34591a8452f1857,비회*
2021-11-10 07:32:25,f1e42019aecc858ffbcca7fddec511b761b474916fde37b1a6ff321a9b459330,ef33c247d767e9bb0537c458df7bc014dfb41fda23afbe0af749c8b6867c325d,비회*
2021-11-10 11:19:18,f1e42019aecc858ffbcca7fddec511b761b474916fde37b1a6ff321a9b459330,7270b556534c956654e341368328d6ed7b8ba6944e0e1d16a95c2de0450029da,비회*
2021-11-09 18:10:56,f1e42019aecc858ffbcca7fddec511b761b474916fde37b1a6ff321a9b459330,82d0e56322170267ffdcf200edca8402322991fadba4b92452f12076d734544e,비회*
2021-11-10 06:18:41,98080a92329afcbb645cf503c4e803805ee3f42f614cdbeac9841edc2043f244,4a44dc15364204a80fe80e9039455cc1608281820fe2b24f1e5233ade6af1dd5,노원*
2021-11-09 16:03:29,f1e42019aecc858ffbcca7fddec511b761b474916fde37b1a6ff321a9b459330,f35f94192e4183658ac3990ff3b138fac2b9cb8895882943904969aa95c3639c,비회*
2021-11-09 12:35:58,f1e42019aecc858ffbcca7fddec511b761b474916fde37b1a6ff321a9b459330,0b6aedee3050352d0954c4f13cb5986bb9e1edd9f68ba7569aeb0eeec5f3c677,비회*
2021-11-09 08:03:23,f1e42019aecc858ffbcca7fddec511b761b474916fde37b1a6ff321a9b459330,c6a60817eed5fae6cc3cf335505c2a0c4242916d2933fde35e77b16b0410fdf3,비회*
2021-11-09 07:24:52,4d3028213774ecaf476a12fa1f01b4a1faa16b56bbe1c7c493cefdea4fcb7bb5,4a44dc15364204a80fe80e9039455cc1608281820fe2b24f1e5233ade6af1dd5,이효*
2021-11-08 19:29:24,f1e42019aecc858ffbcca7fddec511b761b474916fde37b1a6ff321a9b459330,fbe0d7e888df5628298e7bda3e763d4aeb5c0f90261ddfce11aa27ba3e5000bb,비회*
2021-11-08 15:39:17,f1e42019aecc858ffbcca7fddec511b761b474916fde37b1a6ff321a9b459330,cb1b70887f6815758627b445d376778a9923d09a71ef383860a0ed41360b6c2d,비회*
2021-11-08 17:25:21,f1e42019aecc858ffbcca7fddec511b761b474916fde37b1a6ff321a9b459330,a60a8bb4e40bbe258277d2d4e1ef53282d066ca8e79c8c46338b24aed4be5067,비회*
2021-11-06 11:38:48,f6971ca641816e297dec2eaf8dcacbe0c902ea72f11d5480f5c4dbe8c1b08c78,4a44dc15364204a80fe80e9039455cc1608281820fe2b24f1e5233ade6af1dd5,허석*
2021-11-06 11:01:19,4d3028213774ecaf476a12fa1f01b4a1faa16b56bbe1c7c493cefdea4fcb7bb5,4a44dc15364204a80fe80e9039455cc1608281820fe2b24f1e5233ade6af1dd5,이효*
2021-11-06 10:17:10,4d3028213774ecaf476a12fa1f01b4a1faa16b56bbe1c7c493cefdea4fcb7bb5,4a44dc15364204a80fe80e9039455cc1608281820fe2b24f1e5233ade6af1dd5,이효*
2021-11-06 10:57:00,4d3028213774ecaf476a12fa1f01b4a1faa16b56bbe1c7c493cefdea4fcb7bb5,4a44dc15364204a80fe80e9039455cc1608281820fe2b24f1e5233ade6af1dd5,이효*
2021-11-06 10:15:47,4d3028213774ecaf476a12fa1f01b4a1faa16b56bbe1c7c493cefdea4fcb7bb5,4a44dc15364204a80fe80e9039455cc1608281820fe2b24f1e5233ade6af1dd5,이효*
2021-11-05 21:49:53,f88ea4f40a9ec2c3b57c2a0942cb62c2cf531b43194c1054e5b7b16b342020f6,4a44dc15364204a80fe80e9039455cc1608281820fe2b24f1e5233ade6af1dd5,정명*
2021-11-05 18:02:52,f1e42019aecc858ffbcca7fddec511b761b474916fde37b1a6ff321a9b459330,ebe249850c854f54b684c663722d33e92a17e5516bba81573a1a8274d0a1a202,비회*
2021-11-05 16:00:20,f1e42019aecc858ffbcca7fddec511b761b474916fde37b1a6ff321a9b459330,093d9a6782ed55e2d9583c0f2417c81b1a9ecae783df0c1c847ff713868cc8fa,비회*
2021-11-05 14:28:28,f1e42019aecc858ffbcca7fddec511b761b474916fde37b1a6ff321a9b459330,1917d9f58d992cbd5c34fd0af8221870d12a3a84bb0ec74dd100342f3b827083,비회*
2021-11-05 08:54:32,f1e42019aecc858ffbcca7fddec511b761b474916fde37b1a6ff321a9b459330,5219a19b36fa2e6e9346da1ee4657bd3f4c713ac4c2e06fc0821f8c7204ce459,비회*
2021-11-05 13:25:58,f1e42019aecc858ffbcca7fddec511b761b474916fde37b1a6ff321a9b459330,422be809dcf3c8184104f8ae8b416076f7b1a6a63794c319b82a7b1332a661ba,비회*
2021-11-05 11:43:21,f1e42019aecc858ffbcca7fddec511b761b474916fde37b1a6ff321a9b459330,1ccd71b66f467d822a90c77d93438a74ec5c54c601249b873e6c5b32692aac34,비회*
2021-11-05 07:39:53,f1e42019aecc858ffbcca7fddec511b761b474916fde37b1a6ff321a9b459330,ff7a77f25da0a576c62ccd85d4d7d37fc8be1026edbddcf1a4fc2ad903edb080,비회*
2021-11-04 13:08:13,f1e42019aecc858ffbcca7fddec511b761b474916fde37b1a6ff321a9b459330,a9f6f7f6e51e48160b6e8c7b88fb0a9fce5b8c0df3526c3e9e57d981e71f8a0e,비회*
2021-11-04 14:18:35,f1e42019aecc858ffbcca7fddec511b761b474916fde37b1a6ff321a9b459330,b99801677de0b89ff8b9403673daf0be352915951ebe56ab79635e280287fb04,비회*
2021-11-04 13:06:17,f1e42019aecc858ffbcca7fddec511b761b474916fde37b1a6ff321a9b459330,2a85f7cf8f611c511f70706a4d5d3b98042fd9fde3480cfe192a80157e7338e8,비회*
2021-11-04 13:03:19,f1e42019aecc858ffbcca7fddec511b761b474916fde37b1a6ff321a9b459330,f46dcbd2ffee2674fd17831aeeff81e0aed13c78a37211b53655a8be448e36b5,비회*
2021-11-04 12:56:30,f1e42019aecc858ffbcca7fddec511b761b474916fde37b1a6ff321a9b459330,ecdb497fb23d439f2662987525d136a2c98e9f339791710d9a6a6a720ceb676c,비회*
2021-11-04 12:54:12,f1e42019aecc858ffbcca7fddec511b761b474916fde37b1a6ff321a9b459330,1a66c4667b849917b5adbc42cf866245d5f69e245706216a5c46cd149574db5b,비회*
2021-11-04 12:51:22,f1e42019aecc858ffbcca7fddec511b761b474916fde37b1a6ff321a9b459330,e0e84b4c21bbe970d00e911664b5bd8cdd17904131e9240611935d1912bc653f,비회*
2021-11-04 12:48:35,f1e42019aecc858ffbcca7fddec511b761b474916fde37b1a6ff321a9b459330,b3e0aaa30d99603025489b7c45742458ae51e1860be3b8fd65abad4b0f716c63,비회*
2021-11-04 12:48:58,f1e42019aecc858ffbcca7fddec511b761b474916fde37b1a6ff321a9b459330,3b405c646d5fb6db89b8efba0b73a5363c30f3a015fcd11917c0183a486e9787,비회*
2021-11-04 12:43:54,f1e42019aecc858ffbcca7fddec511b761b474916fde37b1a6ff321a9b459330,10a1f923075cca32f277ece40b3741b5eb2fac6b4dd63db4238b8471cb791267,비회*
2021-11-04 12:43:41,f1e42019aecc858ffbcca7fddec511b761b474916fde37b1a6ff321a9b459330,6dab7ed66ebc84793e1cc85c0c2b05b738c8dfce77d397bf485763aad9368053,비회*
2021-11-04 12:35:18,f1e42019aecc858ffbcca7fddec511b761b474916fde37b1a6ff321a9b459330,46c1a129679e7cd8af85010dced9bf3a2411f64da6329b308838f09962f84b36,비회*
2021-11-04 12:33:00,f1e42019aecc858ffbcca7fddec511b761b474916fde37b1a6ff321a9b459330,132db7b6ba1ac51d6fc34fb2675a06839917aa6eccb83ac1f61c8cf59e202ba8,비회*
2021-11-04 12:32:33,f1e42019aecc858ffbcca7fddec511b761b474916fde37b1a6ff321a9b459330,05dd575f8ad02b715bbfd84f51b76c7e4c7f0ef9f492cc996c72ae37a8595b6d,비회*
2021-11-04 12:32:07,f1e42019aecc858ffbcca7fddec511b761b474916fde37b1a6ff321a9b459330,3efb3cae29f074f2655dd3d80d0a8a0a07732f13aa8cf1870698f2bd4a2acde5,비회*
2021-11-04 12:23:38,f1e42019aecc858ffbcca7fddec511b761b474916fde37b1a6ff321a9b459330,e76124d9371713fa49030a4fef5f5fc771210bda0db437cddb0c5bb5d6172f9e,비회*
2021-11-04 12:29:14,f1e42019aecc858ffbcca7fddec511b761b474916fde37b1a6ff321a9b459330,9b20a30faac31fc1c4e71bffa0cb605efb5450c230782965e566646c16b01e9e,비회*
2021-11-04 12:21:17,f1e42019aecc858ffbcca7fddec511b761b474916fde37b1a6ff321a9b459330,08671abd2283cdedf0c1fb19d60887f52ad2439a22a3efc3ef815458fe4e1b15,비회*
2021-11-04 12:11:19,f1e42019aecc858ffbcca7fddec511b761b474916fde37b1a6ff321a9b459330,ac5f030770d33f6a22eb2c12f34d04f1e6746a06e5a8bd47a4ac43cb0b1b2eec,비회*
2021-11-04 12:05:51,f1e42019aecc858ffbcca7fddec511b761b474916fde37b1a6ff321a9b459330,61d420818916f62f6c64113f2f55262d9ccbd11613210e42522c7d53c2d0a317,비회*
2021-11-04 12:05:14,f1e42019aecc858ffbcca7fddec511b761b474916fde37b1a6ff321a9b459330,3846fcddf9528fa03af8cbe5a17ddc35a0c4a9a83caa90a92bdfa903ec22b2b2,비회*
2021-11-04 11:57:10,f1e42019aecc858ffbcca7fddec511b761b474916fde37b1a6ff321a9b459330,7f4f63a19ef8d3c9a05f408bf08490751bd25c8413473d30a7d04733aa7857db,비회*
2021-11-04 11:54:38,f1e42019aecc858ffbcca7fddec511b761b474916fde37b1a6ff321a9b459330,b4f954a666edad5e5e5e31d0c163d958aa36d6d2429ecaa1137379808c91c5df,비회*
2021-11-04 11:54:16,f1e42019aecc858ffbcca7fddec511b761b474916fde37b1a6ff321a9b459330,64cd8ac56c03c776ca2731f7271ca8fc22d3193015aaa0e6ce2e7262ae3eb8c3,비회*
2021-11-04 11:53:55,f1e42019aecc858ffbcca7fddec511b761b474916fde37b1a6ff321a9b459330,0d6fe219acee0ae2ec9bd47c8eadce025cf11f25f2db20b17fdcad4831a470bf,비회*
2021-11-04 11:41:39,f1e42019aecc858ffbcca7fddec511b761b474916fde37b1a6ff321a9b459330,13d8456efc9a49d2990478557ed81c0065f01eecdf777e61ec62d62892c639a0,비회*
2021-11-04 11:35:56,f1e42019aecc858ffbcca7fddec511b761b474916fde37b1a6ff321a9b459330,436c8d1e8416870ed7ec6a26888d8282d9e1bbd49b66c32bce30a517aa8bcf96,비회*
2021-11-04 11:31:43,f1e42019aecc858ffbcca7fddec511b761b474916fde37b1a6ff321a9b459330,b70fd7619e25975da072e7ac50e0f2f1ac6711f1dcd0f3de7912846829042099,비회*
2021-11-04 11:30:18,f1e42019aecc858ffbcca7fddec511b761b474916fde37b1a6ff321a9b459330,1ee7db53403ed67a0d877e86f9a6b20d5f72e3081adb07d3c8f784b6f8d2f5f6,비회*
2021-11-04 11:19:38,f1e42019aecc858ffbcca7fddec511b761b474916fde37b1a6ff321a9b459330,dac94fd7da8c404c20da2bab4e548383a0050bd0505ec0ed65e4bf1e4b9028db,비회*
2021-11-04 08:28:26,f1e42019aecc858ffbcca7fddec511b761b474916fde37b1a6ff321a9b459330,eeb18a6287531adcc175e31ccd9e3a1c107cffe61832ed6ff1fe3515f8e7770b,비회*
2021-11-04 07:50:12,f1e42019aecc858ffbcca7fddec511b761b474916fde37b1a6ff321a9b459330,409dae0c564fc9f09e2dea0a0d8c529dc8056a8c03399fa12032947879fab2e0,비회*
2021-11-04 11:19:11,f1e42019aecc858ffbcca7fddec511b761b474916fde37b1a6ff321a9b459330,5abb8b08dc5aa3c3bcac474bf7bac669f75b0b7bf98effa7589ecff7e652328c,비회*
2021-11-03 13:09:32,f1e42019aecc858ffbcca7fddec511b761b474916fde37b1a6ff321a9b459330,cb740e2bc4aad5e781492ecf0e36c29ddc974cf4504bc5a4bcc03db63bd26f62,비회*
2021-11-03 09:46:44,f1e42019aecc858ffbcca7fddec511b761b474916fde37b1a6ff321a9b459330,e1ba32c1759a7cc1402853c694524c78586246a19c7455d5954ef963d13b0a60,비회*
2021-11-03 17:11:01,f1e42019aecc858ffbcca7fddec511b761b474916fde37b1a6ff321a9b459330,302c720494068285f3a338fe9ba884ef59b87796c069bf9bdea94946bb96335d,비회*
2021-11-03 08:24:33,f6971ca641816e297dec2eaf8dcacbe0c902ea72f11d5480f5c4dbe8c1b08c78,4a44dc15364204a80fe80e9039455cc1608281820fe2b24f1e5233ade6af1dd5,허석*
2021-11-03 07:37:59,f1e42019aecc858ffbcca7fddec511b761b474916fde37b1a6ff321a9b459330,0ba06a246bfc2515e60554f6da8e0b982db7c5357d73614804d8e9f98cf0a5fc,비회*
2021-11-03 08:25:21,f1e42019aecc858ffbcca7fddec511b761b474916fde37b1a6ff321a9b459330,4bb8e4fbd7d0bd6a76a53c4c9e1559801caa8cf2f771008b16d159d946028218,비회*
2021-11-02 19:11:52,f1e42019aecc858ffbcca7fddec511b761b474916fde37b1a6ff321a9b459330,48e52734b19822887160bacadf54269dc3924753ac5b23e63c74d43e5dc6dae5,비회*
2021-11-02 17:53:33,f1e42019aecc858ffbcca7fddec511b761b474916fde37b1a6ff321a9b459330,49e2311d9a5b4e6f7b7f6542bb5ce82857331e43b1b9a091230f441113d0b0a6,비회*
2021-11-02 15:52:53,f1e42019aecc858ffbcca7fddec511b761b474916fde37b1a6ff321a9b459330,4cf17907903dc213a74d89e1b1bd8e1628a96e6cdf605232324b87965ed1e4cd,비회*
2021-11-02 10:42:46,f1e42019aecc858ffbcca7fddec511b761b474916fde37b1a6ff321a9b459330,c65ee7e818bb277fb62a8399fc85c88881513e1a7440d6ea8b28721ac9e1b23f,비회*
2021-11-02 08:42:41,98080a92329afcbb645cf503c4e803805ee3f42f614cdbeac9841edc2043f244,4a44dc15364204a80fe80e9039455cc1608281820fe2b24f1e5233ade6af1dd5,노원*
2021-11-01 16:09:33,f1e42019aecc858ffbcca7fddec511b761b474916fde37b1a6ff321a9b459330,ce00c619b471a2b8e60da8a37938c48ae279f793991df834238d99cca9a1bb27,비회*
2021-11-01 16:18:49,f1e42019aecc858ffbcca7fddec511b761b474916fde37b1a6ff321a9b459330,1841b9dfbc2dd9388fa98c3d19a4c5fb4b9ee66da8f70643dd9b541097cfeab4,비회*
2021-11-01 16:09:10,f1e42019aecc858ffbcca7fddec511b761b474916fde37b1a6ff321a9b459330,e2639ae05d2b7525b015e84f589269a054f58725bb9b0b06fd9cd6dddb1b437f,비회*
2021-11-01 16:07:07,f1e42019aecc858ffbcca7fddec511b761b474916fde37b1a6ff321a9b459330,e139e16613eb22dd6d458c1db3524dfdc708bd9a0daa0fcf99d2f553af69c2d1,비회*
2021-11-01 15:58:50,f1e42019aecc858ffbcca7fddec511b761b474916fde37b1a6ff321a9b459330,8d3a7f0359ab7c8ad56b738d00b1f6357b5580c74075792dd85cd84ad18fa3e1,비회*
2021-11-01 08:36:39,f1e42019aecc858ffbcca7fddec511b761b474916fde37b1a6ff321a9b459330,ec54e500e74e45579e0003753a12159dc32c63a7d217cef9d4cb40c6fcf3e6eb,비회*
2021-10-07 17:48:27,f1e42019aecc858ffbcca7fddec511b761b474916fde37b1a6ff321a9b459330,b77fe57ef3ab6e559539e476aa71940e42df47b06998def9c561c7a56481f230,비회*
